ageGroup,sex,height,weight,BMI,bodyFat
1,1,158,45,18,8.1
1,1,158.1,53.4,21.4,7
1,1,160,58,22.7,8.3
1,1,160,66,25.8,18.6
1,1,161,76,29.3,21.3
1,1,161,78,30.1,22.6
1,1,162.2,47,17.9,3.9
1,1,162.2,71,27,16.5
1,1,163,76.3,28.7,22.4
1,1,163,79,29.7,23.1
1,1,163.1,67.1,25.2,14.6
1,1,164.2,62.8,23.3,23.8
1,1,164.5,66.8,24.7,11.5
1,1,165,57,20.9,6
1,1,165,57,20.9,8.9
1,1,165,57.2,21,9
1,1,165,66,24.2,15
1,1,165,75,27.5,19.2
1,1,165,77,28.3,19.7
1,1,165.5,75.9,27.7,23.7
1,1,166,64,23.2,13.1
1,1,166,73,26.5,18.3
1,1,166.2,73.4,26.6,28.9
1,1,166.3,74.8,27,20.2
1,1,166.5,72.8,26.3,17.7
1,1,166.6,71.9,25.9,17.7
1,1,166.8,60.1,21.6,13.6
1,1,166.8,64.7,23.3,22.4
1,1,167,61.4,22,15.8
1,1,167,64,22.9,11.8
1,1,167,67.6,24.2,6.1
1,1,167,68.2,24.5,19
1,1,167,68.4,24.5,24.3
1,1,167.1,64.9,23.2,15.7
1,1,167.2,60,21.5,12.6
1,1,167.2,66.3,23.7,9.4
1,1,167.3,60.5,21.6,20
1,1,167.4,61.1,21.8,15.6
1,1,167.5,79.2,28.2,13
1,1,167.8,72.9,25.9,24.7
1,1,167.9,61.1,21.7,12.7
1,1,167.9,80,28.4,21.3
1,1,168,59.1,20.9,13.6
1,1,168,60,21.3,15.7
1,1,168,60,21.3,8.8
1,1,168,63,22.3,11.6
1,1,168,63,22.3,5.1
1,1,168,63.3,22.4,11.5
1,1,168,72,25.5,16.5
1,1,168,75,26.6,13.7
1,1,168.1,61.6,21.8,13.1
1,1,168.5,56.1,19.8,4.4
1,1,168.5,62.7,22.1,11.5
1,1,168.5,75.4,26.6,10.8
1,1,168.6,61.9,21.8,13.6
1,1,168.6,61.9,21.8,9.7
1,1,168.6,80.6,28.4,32.5
1,1,168.7,61.2,21.5,12.3
1,1,168.8,53.6,18.8,14.8
1,1,168.8,69.6,24.4,21
1,1,168.9,89,31.2,29
1,1,169,62.8,22,11.5
1,1,169,63,22.1,11.7
1,1,169,63,22.1,12
1,1,169,68,23.8,7.2
1,1,169.1,67.3,23.5,5.3
1,1,169.3,44,15.4,4.3
1,1,169.4,62.6,21.8,13.4
1,1,169.4,67.6,23.6,21.2
1,1,169.5,64.5,22.5,16.3
1,1,169.6,52.9,18.4,8.8
1,1,169.6,67.6,23.5,22.5
1,1,169.7,64.8,22.5,22.4
1,1,169.9,59,20.4,5.9
1,1,170,52,18,3.9
1,1,170,54,18.7,5.1
1,1,170,55,19,7.7
1,1,170,55.8,19.3,7.7
1,1,170,58,20.1,10.2
1,1,170,58.4,20.2,10.7
1,1,170,60,20.8,8.8
1,1,170,61,21.1,13.3
1,1,170,61.9,21.4,9
1,1,170,62,21.5,5.9
1,1,170,64,22.1,10.4
1,1,170,65,22.5,11
1,1,170,65,22.5,11.2
1,1,170,66.1,22.9,14.2
1,1,170,67,23.2,11.6
1,1,170,68.4,23.7,11.6
1,1,170,68.4,23.7,17.8
1,1,170,69.7,24.1,8.2
1,1,170,70.1,24.3,18
1,1,170,70.8,24.5,24.6
1,1,170,71.8,24.8,9.4
1,1,170,72,24.9,5.1
1,1,170,72.8,25.2,14.7
1,1,170,73,25.3,17.1
1,1,170.1,50.4,17.4,7.4
1,1,170.1,61.7,21.3,12.2
1,1,170.1,65.9,22.8,14.5
1,1,170.2,66.2,22.9,19.7
1,1,170.2,90.4,31.2,18.4
1,1,170.2,98,33.8,20.8
1,1,170.3,62.1,21.4,14.5
1,1,170.4,66.6,22.9,14.9
1,1,170.4,70.7,24.3,23
1,1,170.5,68.5,23.6,16.2
1,1,170.5,69.6,23.9,19.1
1,1,170.5,71,24.4,5.3
1,1,170.5,71.5,24.6,22.7
1,1,170.5,77.4,26.6,21.2
1,1,170.5,79.1,27.2,15.3
1,1,170.6,63.1,21.7,19.7
1,1,170.7,70.6,24.2,16.3
1,1,170.8,71.6,24.5,19
1,1,170.8,77,26.4,20.6
1,1,171,55,18.8,7.4
1,1,171,55,18.8,7.7
1,1,171,58.7,20.1,10.9
1,1,171,59.9,20.5,13.6
1,1,171,63,21.5,13.6
1,1,171,64,21.9,11
1,1,171,64.3,22,11.3
1,1,171,65,22.2,10.9
1,1,171,66,22.6,5.9
1,1,171,67,22.9,6.5
1,1,171,68,23.3,6.7
1,1,171,69,23.6,6.5
1,1,171,70,23.9,10.5
1,1,171,70,23.9,14.3
1,1,171,73.3,25.1,16.4
1,1,171,74.7,25.5,23.2
1,1,171,75,25.6,15.1
1,1,171,78.5,26.8,16.3
1,1,171.2,63,21.5,10.1
1,1,171.3,62.9,21.4,8.3
1,1,171.3,69.8,23.8,19.5
1,1,171.4,63.3,21.5,10
1,1,171.4,80.2,27.3,21.2
1,1,171.5,64.1,21.8,6.4
1,1,171.5,80,27.2,15.5
1,1,171.5,83.2,28.3,24.2
1,1,171.7,97.5,33.1,23.4
1,1,171.9,64.6,21.9,6.6
1,1,172,59,19.9,7.8
1,1,172,63,21.3,4.4
1,1,172,63.3,21.4,13.8
1,1,172,64.7,21.9,10.1
1,1,172,65,22,12
1,1,172,65.2,22,10.6
1,1,172,66.1,22.3,10.9
1,1,172,68,23,6.7
1,1,172,68.3,23.1,7.7
1,1,172,68.7,23.2,18.9
1,1,172,68.9,23.3,12.7
1,1,172,69,23.3,6.2
1,1,172,75.5,25.5,14.8
1,1,172.1,64.4,21.7,11
1,1,172.1,77.1,26,16.5
1,1,172.3,64,21.6,11.8
1,1,172.5,64.7,21.7,17.7
1,1,172.5,66.5,22.3,14.4
1,1,172.5,66.5,22.3,17.3
1,1,172.5,74.7,25.1,14.4
1,1,172.7,73,24.5,14.1
1,1,172.8,64.6,21.6,7.8
1,1,172.8,79.6,26.7,34.3
1,1,172.8,86.7,29,29.3
1,1,172.9,67.9,22.7,12.4
1,1,173,58,19.4,4.8
1,1,173,60.6,20.2,8.5
1,1,173,61.2,20.4,12.1
1,1,173,61.2,20.4,13.6
1,1,173,64.9,21.7,13
1,1,173,66,22.1,10.7
1,1,173,66,22.1,13.8
1,1,173,67,22.4,15.6
1,1,173,67.6,22.6,10.9
1,1,173,68,22.7,10.7
1,1,173,68,22.7,11.5
1,1,173,68,22.7,13.5
1,1,173,68,22.7,13.6
1,1,173,68,22.7,8.7
1,1,173,68.1,22.8,13.4
1,1,173,68.5,22.9,14
1,1,173,69.4,23.2,20
1,1,173,69.5,23.2,6.9
1,1,173,69.8,23.3,6.7
1,1,173,70.8,23.7,14.5
1,1,173,70.8,23.7,9.4
1,1,173,73,24.4,8.9
1,1,173,73,24.4,9.1
1,1,173,95,31.7,31
1,1,173.1,73.6,24.6,21.2
1,1,173.2,65.2,21.7,8.4
1,1,173.2,68.3,22.8,11.4
1,1,173.3,72.3,24.1,27.1
1,1,173.4,60.4,20.1,13
1,1,173.4,65.9,21.9,6.8
1,1,173.4,67.5,22.4,10
1,1,173.4,70.6,23.5,17
1,1,173.5,74.3,24.7,8.6
1,1,173.5,79,26.2,11.6
1,1,173.5,83.7,27.8,19.9
1,1,173.7,73.1,24.2,14.1
1,1,173.8,54.8,18.1,5.6
1,1,173.8,64.9,21.5,16.5
1,1,173.8,77,25.5,21.7
1,1,173.9,67.4,22.3,22.8
1,1,173.9,86.4,28.6,26.5
1,1,173.9,91.5,30.3,37.3
1,1,174,58,19.2,4.3
1,1,174,59.3,19.6,4.6
1,1,174,66,21.8,6.3
1,1,174,66.7,22,10.4
1,1,174,67,22.1,7.7
1,1,174,67.6,22.3,13.9
1,1,174,67.6,22.3,15.3
1,1,174,68,22.5,20.6
1,1,174,70,23.1,16.6
1,1,174,74,24.4,15.3
1,1,174,75,24.8,20.2
1,1,174,77.4,25.6,16
1,1,174,90.4,29.9,14.7
1,1,174.1,64.2,21.2,19.6
1,1,174.1,74,24.4,8.3
1,1,174.2,71.1,23.4,23.2
1,1,174.2,76,25,13
1,1,174.3,71.3,23.5,11.8
1,1,174.4,71.9,23.6,18.6
1,1,174.5,72,23.6,14.8
1,1,174.5,74.8,24.6,16.1
1,1,174.5,75.3,24.7,11.3
1,1,174.6,64.5,21.2,14
1,1,174.7,77.8,25.5,25
1,1,175,58.7,19.2,10
1,1,175,58.7,19.2,13.3
1,1,175,60,19.6,17.8
1,1,175,60.4,19.7,9.7
1,1,175,63.6,20.8,33.8
1,1,175,64,20.9,6.4
1,1,175,65,21.2,12.4
1,1,175,66.3,21.6,11.5
1,1,175,68,22.2,6
1,1,175,68.9,22.5,13.9
1,1,175,69.9,22.8,19.7
1,1,175,70,22.9,12.1
1,1,175,73.3,23.9,17.3
1,1,175,81,26.4,17.4
1,1,175,81,26.4,26.5
1,1,175,88.7,29,25.1
1,1,175.1,63.2,20.6,20
1,1,175.1,65.4,21.3,6.3
1,1,175.1,74.4,24.3,23.9
1,1,175.1,75.2,24.5,25.9
1,1,175.2,73.3,23.9,20.1
1,1,175.2,75.1,24.5,21.6
1,1,175.3,63.2,20.6,11.9
1,1,175.3,69.1,22.5,20.6
1,1,175.4,62.2,20.2,10.3
1,1,175.4,62.9,20.4,19
1,1,175.4,88.7,28.8,29.9
1,1,175.5,100.6,32.7,26.3
1,1,175.5,67.9,22,12.2
1,1,175.5,76.2,24.7,12.3
1,1,175.5,76.3,24.8,13.7
1,1,175.5,80.5,26.1,19.4
1,1,175.6,67,21.7,21.5
1,1,175.6,72.5,23.5,19.8
1,1,175.6,73.9,24,8.9
1,1,175.7,68.8,22.3,8.1
1,1,175.7,73.7,23.9,14.5
1,1,175.9,67.4,21.8,8.8
1,1,176,62.8,20.3,4.5
1,1,176,65,21,5.8
1,1,176,66,21.3,14.4
1,1,176,66,21.3,6.3
1,1,176,66.9,21.6,9.8
1,1,176,71,22.9,11.5
1,1,176,80.2,25.9,14.7
1,1,176,87.9,28.4,11.9
1,1,176.1,86.1,27.8,23.5
1,1,176.1,98.2,31.7,30.4
1,1,176.2,65.8,21.2,13
1,1,176.2,80.6,26,20.2
1,1,176.3,71.1,22.9,12.2
1,1,176.3,71.1,22.9,12.2
1,1,176.4,73.5,23.6,21.1
1,1,176.4,78.4,25.2,19.9
1,1,176.5,67.2,21.6,16.9
1,1,176.5,68.7,22.1,13.4
1,1,176.5,81.3,26.1,22.9
1,1,176.6,76.9,24.7,14.5
1,1,176.7,66.3,21.2,13.7
1,1,176.7,73.1,23.4,13.6
1,1,176.7,76.3,24.4,14.8
1,1,176.8,68.5,21.9,12.9
1,1,176.9,63.3,20.2,4.9
1,1,177,68.1,21.7,10.5
1,1,177,68.5,21.9,10.5
1,1,177,70,22.3,11.5
1,1,177,70,22.3,9.6
1,1,177,71,22.7,9.6
1,1,177,71,22.7,9.8
1,1,177,73.8,23.6,14.4
1,1,177,78.7,25.1,19.5
1,1,177,80,25.5,18.7
1,1,177,98,31.3,25.4
1,1,177.1,70.5,22.5,8
1,1,177.2,98.2,31.3,22.1
1,1,177.3,67.4,21.4,13.6
1,1,177.4,60.4,19.2,8.4
1,1,177.5,54.4,17.3,6.5
1,1,177.5,75.7,24,18.9
1,1,177.5,80.9,25.7,16.2
1,1,177.6,71.7,22.7,18.4
1,1,177.8,78.6,24.9,30.1
1,1,178,62.7,19.8,10.9
1,1,178,64,20.2,17.2
1,1,178,64,20.2,7
1,1,178,66,20.8,7.1
1,1,178,70,22.1,8
1,1,178,70,22.1,9.2
1,1,178,70.8,22.3,10
1,1,178,73.4,23.2,7.8
1,1,178,75,23.7,13.6
1,1,178,75,23.7,15.9
1,1,178,75,23.7,15.9
1,1,178,76,24,13.9
1,1,178,76.7,24.2,15.8
1,1,178,78.1,24.6,9.9
1,1,178,80.3,25.3,19.9
1,1,178,84,26.5,14.1
1,1,178,96.5,30.5,24.7
1,1,178.2,88.2,27.8,18.2
1,1,178.3,68.5,21.5,13
1,1,178.3,70.4,22.1,14.8
1,1,178.5,78.8,24.7,24.5
1,1,178.5,81.8,25.7,17.9
1,1,178.6,71.2,22.3,8.8
1,1,178.7,62.8,19.7,10.5
1,1,178.7,66.8,20.9,11.9
1,1,178.9,71,22.2,17.9
1,1,179,67,20.9,6.8
1,1,179,69,21.5,15.2
1,1,179,71,22.2,8.6
1,1,179.1,61.8,19.3,13.2
1,1,179.1,69.3,21.6,17.7
1,1,179.1,76,23.7,12.6
1,1,179.3,68.2,21.2,8.5
1,1,179.4,50.9,15.8,8
1,1,179.4,79.8,24.8,26.3
1,1,179.4,81.2,25.2,10.1
1,1,179.5,62.9,19.5,11.6
1,1,179.5,67.7,21,5.3
1,1,179.5,72.2,22.4,6.7
1,1,179.6,72.2,22.4,16.5
1,1,179.7,71.1,22,8.2
1,1,179.9,80,24.7,24.2
1,1,179.9,94.9,29.3,26.5
1,1,180,63.6,19.6,10.6
1,1,180,67.5,20.8,13.8
1,1,180,69,21.3,22.6
1,1,180,73,22.5,11.6
1,1,180,73,22.5,11.7
1,1,180,73,22.5,11.9
1,1,180,75,23.1,6
1,1,180,75,23.1,8.5
1,1,180,75,23.1,9
1,1,180,76,23.5,13.8
1,1,180,76.4,23.6,12.7
1,1,180,77,23.8,8.2
1,1,180,77.3,23.9,19.2
1,1,180,78,24.1,19.4
1,1,180,78,24.1,5
1,1,180,78,24.1,8.8
1,1,180,79,24.4,9.3
1,1,180.1,93,28.7,20.3
1,1,180.2,69.7,21.5,10.4
1,1,180.5,68.4,21,5.9
1,1,180.5,74.1,22.7,15.3
1,1,181,60.4,18.4,5.3
1,1,181,67.7,20.7,14
1,1,181,67.8,20.7,11.5
1,1,181,67.8,20.7,17.3
1,1,181,68,20.8,14
1,1,181,69,21.1,14.1
1,1,181,80,24.4,20.6
1,1,181,94,28.7,20.2
1,1,181.1,86.5,26.4,19.8
1,1,181.2,74.8,22.8,7.8
1,1,181.2,98.5,30,24.7
1,1,181.3,73.6,22.4,7.3
1,1,181.3,80,24.3,13.5
1,1,181.4,73.1,22.2,5.8
1,1,181.5,69.1,21,11.6
1,1,181.6,60.4,18.3,9.6
1,1,181.6,75.4,22.9,23.3
1,1,182,65,19.6,6.2
1,1,182,68.4,20.6,8.2
1,1,182,80,24.2,8.6
1,1,182,80,24.2,8.7
1,1,182,80.5,24.3,8.8
1,1,182,83.1,25.1,24
1,1,182.1,70.4,21.2,7.2
1,1,182.1,94.7,28.6,16.5
1,1,182.2,122.5,36.9,21.2
1,1,182.3,81,24.4,16.4
1,1,182.5,66.5,20,15.9
1,1,182.5,76,22.8,19.3
1,1,182.6,74.6,22.4,15.5
1,1,182.6,80.4,24.1,12
1,1,182.7,72,21.6,17.6
1,1,182.7,80.5,24.1,5.3
1,1,182.8,73.6,22,11.4
1,1,183,79,23.6,14.9
1,1,183,81,24.2,26.7
1,1,183,81.3,24.3,8.4
1,1,183,84.9,25.4,4.9
1,1,183.1,76.5,22.8,10.8
1,1,183.3,76.7,22.8,13.1
1,1,183.4,75.8,22.5,11.4
1,1,183.5,75.6,22.5,16.8
1,1,183.5,75.6,22.5,16.8
1,1,183.6,78.7,23.3,21.9
1,1,183.9,82.7,24.5,20
1,1,184,72,21.3,12.1
1,1,184,73.1,21.6,12
1,1,184,74,21.9,26.8
1,1,184.1,74.4,22,10.8
1,1,184.2,79.7,23.5,12.3
1,1,184.3,75.6,22.3,18.6
1,1,184.3,76.5,22.5,17.6
1,1,184.4,74,21.8,8.5
1,1,184.5,77.2,22.7,12.3
1,1,185,67,19.6,15.2
1,1,185,80,23.4,20.4
1,1,185,85,24.8,22
1,1,185.1,89.9,26.2,25.4
1,1,185.2,68.5,20,29.5
1,1,185.2,71.4,20.8,15.6
1,1,185.2,96.3,28.1,18.1
1,1,186,75,21.7,5.5
1,1,186.1,85.9,24.8,23.4
1,1,186.2,70.9,20.4,21.9
1,1,186.7,84,24.1,14.4
1,1,187,71.9,20.6,16.8
1,1,187.4,81.3,23.2,15.9
1,1,187.4,81.6,23.2,8
1,1,188,70.7,20,13.3
1,1,188,99.1,28,17.2
1,1,188.6,80.6,22.7,11.5
1,1,189.4,82.7,23.1,17.6
1,1,190,80,22.2,20.4
1,1,190,81.8,22.7,20.4
1,1,190.4,94.9,26.2,9.3
1,1,190.5,95.2,26.2,21
1,1,192,61,16.5,12.4
1,2,146.6,43.8,20.4,26.9
1,2,147,47.5,22,35.7
1,2,147.8,49.4,22.6,23.8
1,2,148,40,18.3,17.1
1,2,148,44,20.1,15.8
1,2,150,42,18.7,19.6
1,2,150,43,19.1,19.5
1,2,150.5,55.7,24.6,34.5
1,2,151,40,17.5,14.9
1,2,151,41,18,17.4
1,2,151.5,43.3,18.9,17.1
1,2,152,51,22.1,23.6
1,2,152.1,55.8,24.1,33.6
1,2,152.4,50.3,21.7,23.4
1,2,152.5,48.3,20.8,30.3
1,2,153,43,18.4,15.8
1,2,153,47.7,20.4,24.8
1,2,153,52,22.2,24.6
1,2,153,54.7,23.4,34.5
1,2,153,55,23.5,24.2
1,2,153.1,50.7,21.6,25.4
1,2,153.1,56.8,24.2,30
1,2,153.4,53.3,22.7,29.1
1,2,154,46.9,19.8,23.1
1,2,155,43,17.9,19.6
1,2,155.1,46.9,19.5,20.5
1,2,155.3,48.6,20.2,28.7
1,2,155.5,51.5,21.3,23.3
1,2,155.9,62.4,25.7,32.4
1,2,156,45.1,18.5,20.8
1,2,156,45.1,18.5,21.9
1,2,156,48.8,20.1,25.1
1,2,156,50,20.5,19.3
1,2,156,52,21.4,19.2
1,2,156,52.8,21.7,17.8
1,2,156,69.4,28.5,34.1
1,2,156.2,50,20.5,25.3
1,2,156.3,51.3,21,24.3
1,2,156.4,53.6,21.9,21.2
1,2,156.4,55.7,22.8,23.1
1,2,156.7,55.4,22.6,23.3
1,2,156.8,40.5,16.5,12.5
1,2,156.8,45.2,18.4,20.5
1,2,156.8,67.6,27.5,26.4
1,2,156.9,47.7,19.4,28.6
1,2,157.1,43.5,17.6,22.5
1,2,157.2,49.4,20,21.3
1,2,157.4,52.2,21.1,19.4
1,2,157.5,43.3,17.5,22
1,2,157.6,53.3,21.5,26
1,2,157.7,51.3,20.6,27.5
1,2,157.7,58,23.3,22.7
1,2,157.8,49,19.7,14.1
1,2,157.8,54,21.7,26.4
1,2,157.8,63.2,25.4,31.3
1,2,157.9,54,21.7,26.1
1,2,158,45,18,15.8
1,2,158,45,18,22.3
1,2,158,48,19.2,22.8
1,2,158,51,20.4,24.2
1,2,158,52,20.8,24.2
1,2,158,52,20.8,25
1,2,158,52,20.8,25.3
1,2,158,52,20.8,26.1
1,2,158,57.2,22.9,19.9
1,2,158.1,46.8,18.7,26.8
1,2,158.2,50.2,20.1,25.1
1,2,158.2,55,22,28.2
1,2,158.5,42.7,17,22.6
1,2,158.6,62.9,25,31.6
1,2,158.7,45.8,18.2,16.5
1,2,158.9,49.6,19.6,25.4
1,2,158.9,54.4,21.5,28.2
1,2,158.9,56,22.2,24.2
1,2,159,43,17,14.7
1,2,159,52,20.6,25.1
1,2,159,53,21,24.4
1,2,159,53.3,21.1,24.5
1,2,159,55,21.8,24
1,2,159,59,23.3,23.3
1,2,159,59.8,23.7,28
1,2,159,61.8,24.4,23.6
1,2,159.1,53.6,21.2,19.7
1,2,159.6,45.7,17.9,21.4
1,2,159.6,49.8,19.6,27.1
1,2,159.6,52.1,20.5,18.5
1,2,159.6,53.8,21.1,25.9
1,2,159.6,58.7,23,23.5
1,2,159.7,51.4,20.2,25.8
1,2,159.8,48.2,18.9,18.7
1,2,159.8,51.6,20.2,19.7
1,2,159.8,61.1,23.9,26.9
1,2,159.9,50.5,19.8,21.1
1,2,160,45,17.6,22.9
1,2,160,46,18,18.7
1,2,160,46.8,18.3,19.9
1,2,160,48,18.8,23.5
1,2,160,50,19.5,18.9
1,2,160,50,19.5,19.1
1,2,160,50.6,19.8,18.9
1,2,160,52,20.3,17.5
1,2,160,54,21.1,21.2
1,2,160,60.3,23.6,31.4
1,2,160,65.1,25.4,29.6
1,2,160.1,49.4,19.3,26.3
1,2,160.3,41,16,12.6
1,2,160.3,54.9,21.4,36.8
1,2,160.3,59.1,23,29.6
1,2,160.4,54.8,21.3,26.3
1,2,160.5,44.7,17.4,15.9
1,2,160.5,50.4,19.6,26.1
1,2,160.6,59,22.9,38.3
1,2,160.8,53.4,20.7,25.1
1,2,161,41.7,16.1,20.4
1,2,161,46,17.7,20.2
1,2,161,47,18.1,21.3
1,2,161,47,18.1,21.3
1,2,161,50,19.3,22.4
1,2,161,50,19.3,22.4
1,2,161,50.7,19.6,22.8
1,2,161,53,20.4,22.3
1,2,161,54.3,20.9,28.2
1,2,161,59,22.8,26.8
1,2,161.1,50.5,19.5,25.7
1,2,161.1,53.5,20.6,21.8
1,2,161.3,50.9,19.6,20.8
1,2,161.3,54.3,20.9,23.3
1,2,161.4,47,18,22.7
1,2,161.4,53,20.3,24
1,2,161.5,48.3,18.5,19.1
1,2,161.5,51.4,19.7,19.2
1,2,161.5,56.3,21.6,26.7
1,2,161.5,61.7,23.7,24.1
1,2,161.6,52.4,20.1,26.7
1,2,161.7,51.3,19.6,20.3
1,2,161.7,53.1,20.3,18.3
1,2,161.9,51.3,19.6,20.8
1,2,161.9,53,20.2,25.2
1,2,162,48.2,18.4,21.8
1,2,162,51.1,19.5,12.1
1,2,162,53.5,20.4,26.3
1,2,162,54,20.6,19.5
1,2,162,55,21,17.1
1,2,162,55,21,22.1
1,2,162,55.1,21,18.4
1,2,162,56.6,21.6,29
1,2,162,57,21.7,20
1,2,162,59,22.5,26.5
1,2,162,67,25.5,18.4
1,2,162,68,25.9,34.2
1,2,162.1,49.7,18.9,19.4
1,2,162.3,50.8,19.3,25.7
1,2,162.3,72.1,27.4,39.3
1,2,162.4,43.6,16.5,13
1,2,162.4,59.3,22.5,29.8
1,2,162.5,48.2,18.3,22.5
1,2,162.5,50.4,19.1,28.3
1,2,162.8,52.5,19.8,20
1,2,162.9,52.8,19.9,28.5
1,2,162.9,54.5,20.5,23.8
1,2,162.9,74.7,28.2,27.9
1,2,163,49,18.4,13.2
1,2,163,52,19.6,17.8
1,2,163,53,19.9,25.7
1,2,163,54,20.3,17.3
1,2,163,55,20.7,35.1
1,2,163,56,21.1,19.5
1,2,163,58,21.8,16.8
1,2,163,59,22.2,28.1
1,2,163.1,49.5,18.6,23.5
1,2,163.1,57,21.4,22.1
1,2,163.1,63.6,23.9,32
1,2,163.3,54.4,20.4,23.2
1,2,163.3,62.8,23.5,28.5
1,2,163.3,64.5,24.2,30.3
1,2,163.4,45.9,17.2,30.5
1,2,163.4,59.1,22.1,30.9
1,2,163.4,60.4,22.6,29.6
1,2,163.5,53.1,19.9,25
1,2,163.5,54.5,20.4,24
1,2,163.5,61.3,22.9,23.1
1,2,163.6,51.7,19.3,19.7
1,2,163.6,51.7,19.3,24
1,2,163.6,55.4,20.7,23.6
1,2,163.7,51.3,19.1,28.1
1,2,163.9,47.5,17.7,24.2
1,2,163.9,58.6,21.8,26.2
1,2,164,45,16.7,15.9
1,2,164,51,19,18.2
1,2,164,52.5,19.5,20
1,2,164,53.2,19.8,23.7
1,2,164,54.9,20.4,18.5
1,2,164,57,21.2,35.9
1,2,164,58,21.6,17.6
1,2,164,59.4,22.1,21.2
1,2,164.1,49.6,18.4,24.3
1,2,164.1,57.6,21.4,23.7
1,2,164.3,55,20.4,24.6
1,2,164.3,67.1,24.9,25.3
1,2,164.4,52.9,19.6,22
1,2,164.5,46.3,17.1,18.8
1,2,164.5,52.1,19.3,13.7
1,2,164.5,60,22.2,28.4
1,2,164.5,68.6,25.4,30.3
1,2,164.8,47,17.3,23.3
1,2,164.9,66.9,24.6,31.3
1,2,165,49,18,23.3
1,2,165,53,19.5,17.9
1,2,165,56,20.6,19.1
1,2,165,58,21.3,23.9
1,2,165.1,53.1,19.5,18.8
1,2,165.2,53.5,19.6,25.5
1,2,165.3,69,25.3,28.1
1,2,165.5,49,17.9,18.7
1,2,165.5,54.1,19.8,28.7
1,2,165.7,62,22.6,29.6
1,2,165.8,46.7,17,22.9
1,2,166,50.4,18.3,26.5
1,2,166,52.6,19.1,19.9
1,2,166,53,19.2,21.9
1,2,166,53,19.2,22.2
1,2,166,54,19.6,19.8
1,2,166,58,21,21.3
1,2,166,59.1,21.4,21.2
1,2,166,63.1,22.9,24
1,2,166,77,27.9,34.2
1,2,166.2,59,21.4,24.2
1,2,166.4,54.6,19.7,24.3
1,2,166.4,71.9,26,27.7
1,2,166.5,57.3,20.7,20.1
1,2,166.7,88.3,31.8,32.3
1,2,167,47.9,17.2,22.8
1,2,167,54,19.4,20.8
1,2,167.2,55.6,19.9,24.7
1,2,167.2,68.6,24.5,33.5
1,2,167.4,52.7,18.8,22.6
1,2,167.4,62.6,22.3,27.4
1,2,167.5,64,22.8,18.2
1,2,167.9,55.1,19.5,25.3
1,2,168,54,19.1,24.6
1,2,168,55,19.5,20.9
1,2,168,55,19.5,21.1
1,2,168,56,19.8,20.8
1,2,168,56.5,20,21.7
1,2,168,57.5,20.4,23.5
1,2,168,59,20.9,20.3
1,2,168,60,21.3,24.7
1,2,168,75.7,26.8,31.1
1,2,168.1,59.8,21.2,22.6
1,2,168.3,58.1,20.5,25.3
1,2,168.4,62.6,22.1,22.1
1,2,168.5,57.7,20.3,20.6
1,2,168.6,63.9,22.5,25
1,2,168.7,52,18.3,23.1
1,2,168.8,58.6,20.6,28.3
1,2,168.8,66.3,23.3,28.3
1,2,168.8,67.4,23.7,28
1,2,169.3,61.8,21.6,22.5
1,2,169.8,57.2,19.8,23.9
1,2,170,48.7,16.9,21.6
1,2,170,55,19,18.8
1,2,170,57,19.7,24.7
1,2,170,58,20.1,23.7
1,2,170,58,20.1,25.1
1,2,170,63,21.8,25
1,2,170.4,68.4,23.6,27.2
1,2,170.6,62.7,21.5,23.9
1,2,170.9,65.7,22.5,19.9
1,2,171,60,20.5,25
1,2,171,60,20.5,25.3
1,2,171,60.8,20.8,25.1
1,2,171.1,68.9,23.5,26.5
1,2,172,55,18.6,24.6
1,2,172,63.4,21.4,25.7
1,2,172.1,56,18.9,24.9
1,2,172.2,60.3,20.3,23.8
1,2,172.5,49.7,16.7,20.4
1,2,172.7,56.7,19,17.8
1,2,172.8,53.9,18.1,23.1
1,2,173,67.2,22.5,22.3
1,2,173.3,59.7,19.9,25.3
1,2,174.5,61.7,20.3,26.2
1,2,175.2,53,17.3,21.9
1,2,176.2,63.4,20.4,26.8
2,1,159,71,28.1,18.9
2,1,159,71,28.1,21.5
2,1,159.1,69.1,27.3,25
2,1,161.3,72,27.7,22.1
2,1,161.5,58.4,22.4,13.6
2,1,164,55.3,20.6,12.6
2,1,164.1,62.4,23.2,15.7
2,1,165.7,68.1,24.8,25.8
2,1,165.8,54.3,19.8,8
2,1,166.9,63.8,22.9,10.7
2,1,167,51,18.3,9.4
2,1,167,54.5,19.5,12.1
2,1,167,58,20.8,13.8
2,1,167,59,21.2,15.4
2,1,167.1,85.7,30.7,22.9
2,1,167.5,79.3,28.3,19.8
2,1,167.7,62.7,22.3,9.3
2,1,167.8,58.6,20.8,11
2,1,168,64,22.7,8.5
2,1,168,69,24.4,15.6
2,1,168,71.8,25.4,13.9
2,1,168.5,71.1,25,15.3
2,1,168.8,74,26,9.5
2,1,169,60.8,21.3,8.6
2,1,169,61.2,21.4,20.6
2,1,169,63.4,22.2,9.1
2,1,169,67,23.5,11
2,1,169,67.8,23.7,18.7
2,1,169,68.5,24,12.3
2,1,169,70.6,24.7,17.6
2,1,169.3,65.4,22.8,22.3
2,1,169.3,67,23.4,14.8
2,1,169.3,75.1,26.2,22.2
2,1,169.4,74.4,25.9,21.6
2,1,169.5,63,21.9,16
2,1,169.5,67.4,23.5,14.4
2,1,169.8,67.2,23.3,16.9
2,1,169.8,70.6,24.5,26.1
2,1,169.8,72.3,25.1,17.1
2,1,169.9,77.3,26.8,26.3
2,1,170,65,22.5,15.8
2,1,170,65.5,22.7,16.1
2,1,170,68,23.5,10.6
2,1,170,68,23.5,18
2,1,170,70,24.2,10.1
2,1,170,70,24.2,11.7
2,1,170,75.2,26,18.9
2,1,170,76.8,26.6,27.5
2,1,170,78,27,26.3
2,1,170,79,27.3,22.7
2,1,170,85,29.4,18.9
2,1,170,85,29.4,23.9
2,1,170.1,80.6,27.9,28
2,1,170.1,86.3,29.8,21.6
2,1,170.3,61.5,21.2,7.8
2,1,170.5,60.2,20.7,17.5
2,1,171,56.1,19.2,24.5
2,1,171,64,21.9,14.4
2,1,171,64,21.9,14.7
2,1,171,65,22.2,12.8
2,1,171,65,22.2,15.1
2,1,171,65.5,22.4,15.3
2,1,171,67.2,23,14.4
2,1,171,68,23.3,13.9
2,1,171,74.2,25.4,15.2
2,1,171.1,78,26.6,14.9
2,1,171.2,75.7,25.8,19.7
2,1,171.3,61.8,21.1,7.7
2,1,171.4,61.9,21.1,16.5
2,1,171.5,80.5,27.4,20.9
2,1,171.6,65.8,22.3,15.4
2,1,171.7,60.1,20.4,12.4
2,1,171.7,60.1,20.4,12.7
2,1,171.7,67.3,22.8,14.2
2,1,171.9,64,21.7,13.6
2,1,172,71,24,16.2
2,1,172,72.6,24.5,5.3
2,1,172,74,25,23.9
2,1,172,75,25.4,22.4
2,1,172,77,26,21.1
2,1,172.1,62.6,21.1,11.5
2,1,172.4,99.2,33.4,26.1
2,1,172.6,71.6,24,10.2
2,1,172.6,71.6,24,16.1
2,1,172.8,91.5,30.6,26.6
2,1,172.9,68.2,22.8,13.1
2,1,172.9,69,23.1,20.7
2,1,172.9,84.9,28.4,22.1
2,1,173,55,18.4,8.4
2,1,173,55,18.4,8.6
2,1,173,60,20,11.2
2,1,173,63,21,13.8
2,1,173,66,22.1,13.1
2,1,173,66.6,22.3,9.7
2,1,173,67,22.4,15.7
2,1,173,68,22.7,19
2,1,173,68.2,22.8,18.1
2,1,173,68.9,23,17.1
2,1,173,69,23.1,15.4
2,1,173,72,24.1,15
2,1,173,75,25.1,13.3
2,1,173,75.8,25.3,18.4
2,1,173,75.8,25.3,8.4
2,1,173,83,27.7,22
2,1,173,85,28.4,16.1
2,1,173,85,28.4,22
2,1,173.1,72.9,24.3,17.1
2,1,173.2,71.3,23.8,19.9
2,1,173.2,79,26.3,19.3
2,1,173.4,73,24.3,13.8
2,1,173.4,73.8,24.5,13.7
2,1,173.6,65.9,21.9,16.6
2,1,173.7,78.9,26.2,25.3
2,1,173.8,65,21.5,12.3
2,1,174,65,21.5,8.2
2,1,174,67.5,22.3,18
2,1,174,69,22.8,11.8
2,1,174,70,23.1,14.1
2,1,174,71.5,23.6,14.8
2,1,174,83.2,27.5,17.5
2,1,174.1,75.4,24.9,16.7
2,1,174.1,76.8,25.3,21.4
2,1,174.1,79.7,26.3,21.6
2,1,174.2,67,22.1,14.9
2,1,174.2,67,22.1,18.1
2,1,174.3,58.9,19.4,8.3
2,1,174.3,62.6,20.6,11.7
2,1,174.3,69.5,22.9,18.3
2,1,174.5,79,25.9,14.7
2,1,174.9,83.1,27.2,20.4
2,1,175,60,19.6,8.4
2,1,175,61,19.9,9.2
2,1,175,63,20.6,14.7
2,1,175,65,21.2,11.8
2,1,175,65,21.2,12.1
2,1,175,65,21.2,12.5
2,1,175,67.4,22,10.7
2,1,175,71,23.2,15.1
2,1,175,73.5,24,12.5
2,1,175,75,24.5,9.4
2,1,175,78.5,25.6,15
2,1,175,80,26.1,18.9
2,1,175,80,26.1,19.8
2,1,175,80.3,26.2,19
2,1,175.1,66.7,21.8,18.8
2,1,175.1,72,23.5,12.2
2,1,175.5,67.6,21.9,22.6
2,1,175.5,80,26,18.7
2,1,175.5,80,26,19.5
2,1,175.6,82,26.6,27.8
2,1,175.7,78.1,25.3,11.1
2,1,175.8,73.9,23.9,20.3
2,1,175.8,80,25.9,28.7
2,1,176,68,22,6.4
2,1,176,69,22.3,10.7
2,1,176.2,71.9,23.2,14.2
2,1,176.2,72.2,23.3,21
2,1,176.2,74.4,24,23
2,1,176.2,75.4,24.3,19.8
2,1,176.3,68.8,22.1,14.5
2,1,176.3,68.8,22.1,8.1
2,1,176.3,69.4,22.3,5.7
2,1,176.3,72.3,23.3,15
2,1,176.4,72.6,23.3,20.6
2,1,177,61,19.5,4.2
2,1,177,70,22.3,9.1
2,1,177,71,22.7,9.1
2,1,177,73.7,23.5,13.7
2,1,177,80,25.5,20.8
2,1,177.2,72.8,23.2,16.1
2,1,177.4,66.6,21.2,12.5
2,1,177.4,67.6,21.5,18
2,1,177.5,74.9,23.8,12.6
2,1,177.5,84,26.7,26.4
2,1,177.6,67,21.2,19.9
2,1,178,61.9,19.5,14.2
2,1,178,64,20.2,12
2,1,178,65,20.5,11.3
2,1,178,70,22.1,7.4
2,1,178,73,23,6.7
2,1,178,74,23.4,12.4
2,1,178,74,23.4,12.5
2,1,178,75,23.7,12.6
2,1,178,75,23.7,17.7
2,1,178,80,25.2,10.2
2,1,178.1,70.3,22.2,13.5
2,1,178.3,72.9,22.9,12.7
2,1,178.4,101,31.7,29.3
2,1,178.6,72.3,22.7,19.4
2,1,178.6,88.6,27.8,27.6
2,1,178.8,68.4,21.4,15.2
2,1,178.8,75.1,23.5,20.1
2,1,178.9,70,21.9,21.2
2,1,179,62,19.4,11.1
2,1,179,66,20.6,12.6
2,1,179,72.5,22.6,6
2,1,179,75,23.4,13.5
2,1,179,77,24,25.4
2,1,179.1,72.7,22.7,15.4
2,1,179.1,83.3,26,14.7
2,1,179.4,64.7,20.1,14.6
2,1,179.6,67.6,21,11.5
2,1,179.7,68,21.1,21.6
2,1,179.9,80.5,24.9,23.6
2,1,180,58,17.9,10.7
2,1,180,64.7,20,12.7
2,1,180,70.5,21.8,19.8
2,1,180,72,22.2,10.2
2,1,180,74,22.8,11.5
2,1,180,75,23.1,11.8
2,1,180,77,23.8,16.2
2,1,180,78,24.1,16.7
2,1,180,78,24.1,8.2
2,1,180,79,24.4,17.6
2,1,180,80,24.7,17.5
2,1,180,80,24.7,18.5
2,1,180,80,24.7,7.6
2,1,180.1,77.1,23.8,17.5
2,1,180.1,81.7,25.2,31.6
2,1,180.2,92.1,28.4,24.6
2,1,180.3,81.2,25,27.4
2,1,180.5,87.6,26.9,18.9
2,1,180.9,74.1,22.6,7.8
2,1,181,65,19.8,15.4
2,1,181,70,21.4,13.3
2,1,181,74,22.6,11.3
2,1,181,76,23.2,15.9
2,1,181,76,23.2,16.1
2,1,181,79,24.1,16.8
2,1,181,79,24.1,18.2
2,1,181,80,24.4,17.7
2,1,181,90,27.5,25.4
2,1,181.1,64.9,19.8,6.1
2,1,181.1,90.7,27.7,27
2,1,181.2,101.5,30.9,20.4
2,1,181.3,80.1,24.4,18.3
2,1,181.4,65.8,20,10.3
2,1,182,69,20.8,6.9
2,1,182.2,72.3,21.8,12.9
2,1,182.2,97,29.2,31.1
2,1,182.3,76.7,23.1,7.7
2,1,183,70.6,21.1,16.6
2,1,183,76,22.7,6.1
2,1,183,81,24.2,17.3
2,1,183,84,25.1,8.1
2,1,183,95,28.4,18.6
2,1,183.1,86.1,25.7,18.8
2,1,183.2,79.1,23.6,8.1
2,1,183.6,90.6,26.9,17.7
2,1,184,75,22.2,14.4
2,1,184,81.5,24.1,17.5
2,1,184.1,82,24.2,15.5
2,1,184.3,109.5,32.2,31.2
2,1,184.5,88.5,26,13.6
2,1,184.6,69.6,20.4,7.6
2,1,184.7,82.9,24.3,7.6
2,1,185,76,22.2,6
2,1,185,78,22.8,11
2,1,185.1,82.6,24.1,25.1
2,1,185.3,78.1,22.7,13.8
2,1,185.3,81.3,23.7,19.1
2,1,186,78,22.5,7.1
2,1,186,78,22.5,7.7
2,1,187.5,120.5,34.3,30.5
2,1,188,73.3,20.7,7.5
2,1,189.5,119.2,33.2,28.2
2,1,194.7,97.7,25.8,17.9
2,1,194.7,97.7,25.8,20.7
2,2,147,38.1,17.6,19.9
2,2,148,39,17.8,24.6
2,2,148.2,41.7,19,24.3
2,2,150,38.4,17.1,17.9
2,2,150,39.5,17.6,19.3
2,2,150,48,21.3,22.3
2,2,152.5,46.9,20.2,10.3
2,2,153,48,20.5,20.9
2,2,153,48.7,20.8,20.8
2,2,153,49,20.9,18.3
2,2,153,56.1,24,20.8
2,2,153,57,24.3,21
2,2,153,57.1,24.4,21.4
2,2,153.1,55.2,23.5,27.1
2,2,153.4,55.4,23.5,33.4
2,2,153.5,48.6,20.6,20.4
2,2,153.8,45.5,19.2,22.1
2,2,153.9,49.6,20.9,26.8
2,2,154,43,18.1,21.5
2,2,154,43,18.1,21.9
2,2,154,43,18.1,22.5
2,2,154.2,49.6,20.9,28.5
2,2,154.5,54.9,23,31.3
2,2,154.6,44.4,18.6,24.7
2,2,154.9,44.5,18.5,17.7
2,2,155,45,18.7,18.2
2,2,155,47,19.6,20.4
2,2,155,50,20.8,20.8
2,2,155.1,50.5,21,25.2
2,2,155.3,54.6,22.6,27.7
2,2,155.7,48.7,20.1,27.5
2,2,155.7,50,20.6,24.4
2,2,155.8,50.5,20.8,27.3
2,2,156.5,37.5,15.3,15.9
2,2,156.5,48.8,19.9,22.6
2,2,156.8,64.8,26.4,36.3
2,2,156.9,43.6,17.7,15.3
2,2,156.9,49.1,19.9,21.8
2,2,157,46,18.7,17.4
2,2,157,49,19.9,18.4
2,2,157,50,20.3,21.6
2,2,157,52,21.1,25.3
2,2,157.2,44.6,18,19.7
2,2,157.3,63.8,25.8,40.2
2,2,157.5,52.2,21,28.2
2,2,158,53.9,21.6,24.9
2,2,158.2,44.9,17.9,21
2,2,158.4,45.1,18,27.6
2,2,158.5,42.3,16.8,19
2,2,158.6,56.7,22.5,27.4
2,2,159,51.1,20.2,23.4
2,2,159,51.9,20.5,20.4
2,2,159,52,20.6,24.2
2,2,159.1,47.8,18.9,22.9
2,2,159.2,45.5,18,19.5
2,2,159.2,53.1,21,21
2,2,159.3,47.6,18.8,21.2
2,2,159.5,51.1,20.1,26.5
2,2,159.5,52.4,20.6,19.3
2,2,159.7,55.2,21.6,29.8
2,2,159.8,55.3,21.7,29.7
2,2,160,51,19.9,18.6
2,2,160,52,20.3,26
2,2,160,53,20.7,19.6
2,2,160,60,23.4,22.5
2,2,160.2,57.8,22.5,25.1
2,2,160.3,47.7,18.6,24
2,2,160.3,49.8,19.4,17.4
2,2,160.5,57.1,22.2,21
2,2,160.5,57.1,22.2,23.5
2,2,160.6,48.1,18.6,21.6
2,2,160.6,53.9,20.9,24.7
2,2,160.8,51.8,20,26.7
2,2,161,52.5,20.3,20.6
2,2,161,60,23.1,23.1
2,2,161,62,23.9,22
2,2,161,62,23.9,22.3
2,2,161,62,23.9,23.1
2,2,161.1,56.5,21.8,23.2
2,2,161.1,61,23.5,26.1
2,2,161.4,57,21.9,21
2,2,162,50,19.1,19.1
2,2,162,52,19.8,26.1
2,2,162,57,21.7,24.2
2,2,162.2,49.3,18.7,18.6
2,2,162.3,61.2,23.2,24.4
2,2,162.7,55,20.8,22
2,2,162.7,62.1,23.5,24.4
2,2,162.8,49.3,18.6,22.3
2,2,162.8,51.6,19.5,24.2
2,2,162.9,57,21.5,29.6
2,2,162.9,91,34.3,37.1
2,2,163,50,18.8,20.8
2,2,163,60,22.6,24
2,2,163,64.5,24.3,30
2,2,163.1,58,21.8,19.5
2,2,163.2,54.8,20.6,27.2
2,2,163.2,57.5,21.6,19.6
2,2,163.6,55.8,20.8,27.7
2,2,163.7,65.9,24.6,25.6
2,2,164,50,18.6,26.8
2,2,164,54,20.1,21.8
2,2,164.9,60.5,22.2,31
2,2,165,55,20.2,17.4
2,2,165,58.3,21.4,17.6
2,2,165.1,59.1,21.7,22.6
2,2,165.4,50.9,18.6,22.7
2,2,165.4,88.3,32.3,35.5
2,2,165.7,55.4,20.2,23.3
2,2,165.7,57.2,20.8,17.2
2,2,166,54.5,19.8,16.7
2,2,166.1,54,19.6,20.3
2,2,166.5,55.2,19.9,29.7
2,2,166.6,52.7,19,21.9
2,2,166.7,52.4,18.9,25.4
2,2,167,48,17.2,15.5
2,2,167,57,20.4,21.9
2,2,167,58,20.8,16.8
2,2,167,68.5,24.6,34.8
2,2,167.5,60,21.4,32.5
2,2,167.7,54.6,19.4,19.3
2,2,168,59,20.9,18.6
2,2,168,60,21.3,25.3
2,2,168,60.3,21.4,26.7
2,2,168,61.4,21.8,17.8
2,2,168,61.5,21.8,17.6
2,2,168.5,57,20.1,23.2
2,2,168.9,64.6,22.6,26
2,2,169,56,19.6,20.5
2,2,169.9,59.2,20.5,21.9
2,2,170,62,21.5,25
2,2,170,63,21.8,19.7
2,2,170,68,23.5,25.8
2,2,170.5,61.2,21.1,25.1
2,2,171,55,18.8,17
2,2,171.3,72.4,24.7,29.1
2,2,171.5,73.5,25,29.7
2,2,171.9,54.8,18.5,21.6
2,2,173,59,19.7,27.3
2,2,173.6,59.9,19.9,21.2
2,2,174.6,58,19,18.9
2,2,174.9,48.9,16,26.5
3,1,151.6,74.1,32.2,16.7
3,1,151.6,89.5,38.9,26
3,1,152,86,37.2,13.2
3,1,152.1,74.9,32.4,17.9
3,1,152.7,55,23.6,9.6
3,1,155.2,66.4,27.6,19.3
3,1,155.2,68.4,28.4,12.9
3,1,156.5,93.7,38.3,19.8
3,1,157.4,78.4,31.6,17.6
3,1,157.7,74.4,29.9,13
3,1,158,67.2,26.9,17.2
3,1,159.3,79.2,31.2,17.6
3,1,159.9,80.1,31.3,16.5
3,1,160.4,87.8,34.1,20.6
3,1,160.5,62,24.1,12.7
3,1,160.5,62,24.1,14.8
3,1,161.4,75,28.8,16.2
3,1,161.9,98.1,37.4,25
3,1,162.1,78,29.7,19.2
3,1,162.6,81,30.6,30.3
3,1,163.8,67.8,25.3,19
3,1,164,73.6,27.4,15.4
3,1,164.6,64.6,23.8,16.2
3,1,165,65,23.9,18.3
3,1,165.2,64.3,23.6,10.5
3,1,165.6,88.3,32.2,18.6
3,1,166,58.7,21.3,8.1
3,1,166.3,58.8,21.3,14.7
3,1,166.3,73.9,26.7,17.9
3,1,166.8,64.5,23.2,10.5
3,1,166.9,81.7,29.3,16.6
3,1,167,56.7,20.3,5.2
3,1,167,59,21.2,9.2
3,1,167,64,22.9,11.5
3,1,167,64,22.9,15.7
3,1,167,64,22.9,8.1
3,1,167,68,24.4,16.7
3,1,167.2,67.5,24.1,17
3,1,167.6,77.3,27.5,15.6
3,1,168,62,22,16.3
3,1,168,67.5,23.9,12.7
3,1,168,70,24.8,10.3
3,1,168,70,24.8,18.1
3,1,168.2,72.5,25.6,19.5
3,1,168.2,79.1,28,16.7
3,1,168.3,74.2,26.2,19.1
3,1,168.4,80,28.2,20.8
3,1,168.6,73.4,25.8,10.5
3,1,168.7,55.6,19.5,14.3
3,1,169,70,24.5,17.7
3,1,169,88.4,31,21.4
3,1,169.1,72.9,25.5,21.3
3,1,169.3,71.3,24.9,15.1
3,1,169.4,53.2,18.5,6.9
3,1,169.8,65.2,22.6,18.8
3,1,170,60,20.8,9.4
3,1,170,60,20.8,9.7
3,1,170,60.5,20.9,17.3
3,1,170,65,22.5,11.6
3,1,170,65,22.5,14
3,1,170,67,23.2,20.1
3,1,170,68.2,23.6,15.2
3,1,170,68.2,23.6,18.6
3,1,170,71.3,24.7,14
3,1,170,76,26.3,16.9
3,1,170,76,26.3,17.8
3,1,170,76.9,26.6,22.2
3,1,170,77.1,26.7,22.7
3,1,170,82,28.4,20.1
3,1,170,84,29.1,18.2
3,1,170,85,29.4,19.8
3,1,170.1,68.8,23.8,18.4
3,1,170.2,65.6,22.6,7.5
3,1,170.3,90.4,31.2,24.7
3,1,170.4,77.6,26.7,17
3,1,170.4,78.3,27,19.6
3,1,170.5,88.7,30.5,24.7
3,1,170.6,76.9,26.4,19.2
3,1,170.7,81.9,28.1,20
3,1,170.9,56.7,19.4,7.1
3,1,171,74,25.3,18.8
3,1,171,74,25.3,21.3
3,1,171,74.4,25.4,19.4
3,1,171,74.4,25.4,21
3,1,171,76,26,20.1
3,1,171,76,26,25.1
3,1,171,78,26.7,22.2
3,1,171,78.7,26.9,19.1
3,1,171,80,27.4,19.2
3,1,171,80,27.4,25.5
3,1,171,93.4,31.9,26.1
3,1,171.1,87.6,29.9,19.6
3,1,171.2,68.6,23.4,14.1
3,1,171.2,72.4,24.7,14.1
3,1,171.3,64.5,22,12
3,1,171.3,64.5,22,12.6
3,1,171.3,69,23.5,17.8
3,1,171.3,69.6,23.7,18.4
3,1,171.4,67.4,22.9,9.5
3,1,171.6,65.4,22.2,13.7
3,1,171.6,70.5,23.9,11.8
3,1,171.7,74.7,25.3,12.1
3,1,171.8,65.3,22.1,12.9
3,1,172,62.4,21.1,15.8
3,1,172,67,22.6,16.8
3,1,172,77,26,18.7
3,1,172,77,26,20.3
3,1,172,80.6,27.2,17.4
3,1,172,96,32.4,21.8
3,1,172.4,68,22.9,6.5
3,1,172.4,77.6,26.1,25.4
3,1,172.6,54.7,18.4,9.5
3,1,172.6,57.5,19.3,11
3,1,172.6,74.2,24.9,19.9
3,1,172.6,86,28.9,15.5
3,1,172.8,71.7,24,22.7
3,1,172.9,70.6,23.6,15.7
3,1,172.9,70.7,23.6,11.9
3,1,172.9,74.6,25,15.1
3,1,172.9,77.4,25.9,21.8
3,1,173,59,19.7,9.2
3,1,173,63,21,11
3,1,173,68,22.7,13.1
3,1,173,68,22.7,13.7
3,1,173,68,22.7,9.6
3,1,173,70,23.4,14.5
3,1,173,73,24.4,11.2
3,1,173,73,24.4,20.3
3,1,173,75,25.1,21.9
3,1,173,79.9,26.7,19.5
3,1,173,81,27.1,15.8
3,1,173,84,28.1,18.2
3,1,173,92.1,30.8,25.9
3,1,173.1,63.4,21.2,11.3
3,1,173.1,79.3,26.5,22
3,1,173.1,79.3,26.5,22.8
3,1,173.5,70.2,23.3,17.2
3,1,173.6,70.6,23.4,13.8
3,1,173.6,72.7,24.1,14.6
3,1,173.8,72.2,23.9,16.7
3,1,173.8,72.2,23.9,8.2
3,1,173.8,72.6,24,13.8
3,1,173.8,82.9,27.4,19.7
3,1,174,69.9,23.1,28.3
3,1,174,75,24.8,16.6
3,1,174,80.4,26.6,21.9
3,1,174,89,29.4,23.2
3,1,174,89.6,29.6,17.4
3,1,174,91,30.1,21.4
3,1,174.1,80,26.4,24.1
3,1,174.2,66.7,22,14.8
3,1,174.2,81.3,26.8,28.6
3,1,174.2,88.8,29.3,19
3,1,174.2,89,29.3,18.7
3,1,174.3,77.7,25.6,19.7
3,1,174.3,77.7,25.6,20
3,1,174.5,71.6,23.5,16.2
3,1,174.5,71.6,23.5,17.9
3,1,174.5,75,24.6,14.1
3,1,174.5,75,24.6,14.3
3,1,174.6,68.5,22.5,16.5
3,1,174.7,81.3,26.6,22.6
3,1,174.8,71.5,23.4,12.8
3,1,175,68,22.2,19.9
3,1,175,68,22.2,9.4
3,1,175,70.1,22.9,21.5
3,1,175,70.4,23,10.7
3,1,175,70.6,23.1,11.2
3,1,175,72,23.5,13.3
3,1,175,78.2,25.5,23.8
3,1,175,98.7,32.2,25.5
3,1,175.2,78,25.4,23.7
3,1,175.5,70,22.7,9.2
3,1,175.5,70,22.7,9.3
3,1,175.5,70.8,23,10.1
3,1,175.6,72.3,23.4,14.9
3,1,175.6,72.3,23.4,16.1
3,1,175.6,82.8,26.9,23.9
3,1,175.7,77.5,25.1,13.6
3,1,175.7,85.7,27.8,19.8
3,1,175.8,73.3,23.7,20.3
3,1,175.9,75.9,24.5,15.2
3,1,176,60,19.4,14.8
3,1,176,68,22,11
3,1,176,72,23.2,10.5
3,1,176,72,23.2,10.8
3,1,176,72,23.2,14.2
3,1,176,80.1,25.9,20.9
3,1,176,80.1,25.9,21.3
3,1,176,96,31,25.5
3,1,176.2,73.1,23.5,19.3
3,1,176.2,77,24.8,11.9
3,1,176.3,66.5,21.4,17.2
3,1,176.4,68,21.9,11.5
3,1,176.5,77.9,25,10.5
3,1,176.6,71.8,23,14.9
3,1,176.8,70,22.4,10.9
3,1,176.8,70.4,22.5,12.5
3,1,176.8,72,23,12.6
3,1,176.9,68.5,21.9,11.5
3,1,176.9,86.3,27.6,21.3
3,1,177,65,20.7,12.3
3,1,177,67,21.4,15.7
3,1,177,70,22.3,20.7
3,1,177,70,22.3,9.7
3,1,177,72,23,11.3
3,1,177,74,23.6,16.9
3,1,177,76,24.3,12.7
3,1,177,78,24.9,15.1
3,1,177,85,27.1,24.4
3,1,177.2,91.9,29.3,18.1
3,1,177.3,66.7,21.2,14.3
3,1,177.4,77.1,24.5,16.7
3,1,177.4,85.2,27.1,20.8
3,1,177.5,64.2,20.4,10
3,1,177.5,87.1,27.6,17.8
3,1,177.7,74.6,23.6,17.6
3,1,177.7,79,25,15.9
3,1,177.8,65.4,20.7,13.4
3,1,177.9,97,30.6,22.8
3,1,178,61,19.3,13.8
3,1,178,64,20.2,8.8
3,1,178,64.2,20.3,12.2
3,1,178,67,21.1,14.9
3,1,178,68,21.5,9.5
3,1,178,70,22.1,10.2
3,1,178,70,22.1,6.5
3,1,178,74,23.4,13.3
3,1,178,74,23.4,13.7
3,1,178,75,23.7,21.6
3,1,178,76,24,17.3
3,1,178,76,24,9
3,1,178,80,25.2,10.4
3,1,178,80,25.2,11.1
3,1,178,86,27.1,17.3
3,1,178,87,27.5,11
3,1,178.1,85.2,26.9,15
3,1,178.2,95.6,30.1,33
3,1,178.5,66,20.7,14
3,1,178.5,70,22,14.9
3,1,178.5,70,22,15
3,1,178.5,72.1,22.6,14.9
3,1,178.5,72.1,22.6,18.4
3,1,178.5,72.5,22.8,12.3
3,1,178.6,64.2,20.1,8
3,1,178.6,91.8,28.8,28
3,1,178.6,93.9,29.4,28.2
3,1,178.6,93.9,29.4,28.6
3,1,178.9,72.8,22.7,16.2
3,1,179,67,20.9,12.3
3,1,179,74.2,23.2,9.9
3,1,179,78,24.3,8.6
3,1,179.1,77.6,24.2,13.7
3,1,179.5,71.7,22.3,9.5
3,1,179.9,78.9,24.4,21.6
3,1,180,64,19.8,16.9
3,1,180,68,21,6.9
3,1,180,68.4,21.1,6.5
3,1,180,72,22.2,12.3
3,1,180,72,22.2,17.3
3,1,180,75,23.1,13.8
3,1,180,75,23.1,8.7
3,1,180,78,24.1,9.2
3,1,180,80,24.7,7.7
3,1,180,80,24.7,7.9
3,1,180,87,26.9,19.2
3,1,180.1,90.9,28,23.5
3,1,180.3,81.2,25,18.5
3,1,180.4,78,24,16.4
3,1,180.4,97.9,30.1,11.3
3,1,180.5,70.9,21.8,13.1
3,1,180.5,70.9,21.8,19.1
3,1,180.7,82.9,25.4,19.5
3,1,180.7,88.1,27,22.3
3,1,180.8,84.8,25.9,18.3
3,1,180.8,84.8,25.9,22.4
3,1,180.9,68.3,20.9,18.2
3,1,181,67,20.5,13.1
3,1,181,72,22,13
3,1,181,73,22.3,11.3
3,1,181,76,23.2,12.2
3,1,181,77,23.5,17.4
3,1,181,82.5,25.2,17.2
3,1,181.1,69,21,11.9
3,1,181.1,79.4,24.2,17.2
3,1,181.1,84.5,25.8,26.5
3,1,181.4,68.1,20.7,14.2
3,1,181.5,68.7,20.9,15.5
3,1,181.5,78,23.7,16.6
3,1,182,78,23.5,6.1
3,1,182,78,23.5,8.8
3,1,182,82.3,24.8,17.3
3,1,182,83,25.1,20
3,1,182,86.9,26.2,17.3
3,1,182,89,26.9,15.1
3,1,182,92,27.8,17.9
3,1,182.2,79.7,24,19.9
3,1,182.4,85,25.5,14.9
3,1,182.5,93.1,28,24.8
3,1,182.9,93,27.8,22.4
3,1,183,70,20.9,12.6
3,1,183,77,23,6.5
3,1,183,81,24.2,16.8
3,1,183.1,85,25.4,16.1
3,1,183.3,94.7,28.2,23.7
3,1,183.4,80.2,23.8,20.3
3,1,183.5,74.3,22.1,21.4
3,1,183.5,88.1,26.2,19.6
3,1,183.6,81.2,24.1,13.3
3,1,183.9,84.5,25,16.8
3,1,184,73,21.6,11
3,1,184,81,23.9,7.2
3,1,184.3,95.9,28.2,25.4
3,1,184.5,90,26.4,16.4
3,1,184.7,110,32.2,27.6
3,1,184.7,85,24.9,20.4
3,1,184.9,86.8,25.4,22.3
3,1,185,74,21.6,9
3,1,185,84.2,24.6,17.5
3,1,185.2,81.2,23.7,25.1
3,1,186,89.2,25.8,23.1
3,1,186.4,94.2,27.1,25.2
3,1,186.5,68.6,19.7,22.1
3,1,186.6,76,21.8,14.1
3,1,187.2,77.8,22.2,13.7
3,1,187.6,86.3,24.5,16.2
3,1,192.7,91.7,24.7,19.2
3,1,193.1,87.7,23.5,20.7
3,2,146.4,54.3,25.3,29.1
3,2,148,51.2,23.4,23.5
3,2,148,51.2,23.4,26.1
3,2,148.5,49,22.2,23.3
3,2,148.9,49,22.1,23.8
3,2,149,44,19.8,23.7
3,2,150.2,45.5,20.2,24.5
3,2,151.2,50.1,21.9,18.9
3,2,151.8,78.6,34.1,29.7
3,2,152.4,50,21.5,32.5
3,2,152.5,38.5,16.6,19.1
3,2,153,50,21.4,19
3,2,153,55,23.5,23.8
3,2,153,58,24.8,21.2
3,2,153.7,48.4,20.5,21.3
3,2,154,45.5,19.2,19.3
3,2,154,53,22.3,23.6
3,2,154,54,22.8,23.6
3,2,154,61,25.7,23.2
3,2,154,61.6,26,27.8
3,2,154,61.6,26,29.9
3,2,154.2,45.2,19,28.4
3,2,154.6,51.8,21.7,25.7
3,2,154.7,46.5,19.4,20.1
3,2,155.1,59.2,24.6,23.6
3,2,156,45,18.5,23.3
3,2,156,49,20.1,18.2
3,2,156,50,20.5,23.3
3,2,156,54.2,22.3,28.9
3,2,156,56,23,24
3,2,156,57.7,23.7,21.7
3,2,156.2,45.4,18.6,29.6
3,2,156.4,65.9,26.9,35.3
3,2,156.5,58.8,24,25.2
3,2,156.6,57,23.2,23.9
3,2,156.8,56.7,23.1,26.8
3,2,157,58,23.5,21.8
3,2,157,63,25.6,23.1
3,2,157.5,46.2,18.6,21.5
3,2,158,47.6,19.1,17.5
3,2,158,49,19.6,16.5
3,2,158,49,19.6,22.5
3,2,158,49,19.6,23.1
3,2,158,49,19.6,23.7
3,2,158,51.3,20.5,18.8
3,2,158,54,21.6,17.5
3,2,158,56,22.4,20.3
3,2,158,60,24,23.5
3,2,158,63.7,25.5,28.7
3,2,158.5,48.8,19.4,20.6
3,2,158.5,59.7,23.8,17.6
3,2,158.7,46.5,18.5,28.4
3,2,159,54,21.4,23.5
3,2,159,60,23.7,23.2
3,2,159,60,23.7,25.6
3,2,159,73,28.9,35
3,2,159.1,47,18.6,24.2
3,2,159.1,49.2,19.4,23.4
3,2,159.1,55.7,22,23.9
3,2,159.3,50.3,19.8,22.9
3,2,159.8,63,24.7,24
3,2,159.9,53.4,20.9,21.3
3,2,159.9,72.2,28.2,31
3,2,160,45,17.6,22.3
3,2,160,46,18,18.8
3,2,160,50,19.5,24.1
3,2,160,54,21.1,18.2
3,2,160,54,21.1,20.7
3,2,160,54,21.1,23
3,2,160,55,21.5,22.4
3,2,160,55.3,21.6,23.9
3,2,160,56,21.9,20.2
3,2,160,57.6,22.5,24.9
3,2,160,58,22.7,22.6
3,2,160.1,52.8,20.6,25.4
3,2,160.2,51,19.9,24.5
3,2,160.3,53.1,20.7,21.2
3,2,160.4,53,20.6,23.4
3,2,160.5,45.6,17.7,21.9
3,2,160.8,57.8,22.4,25.7
3,2,160.8,57.8,22.4,26.7
3,2,161,53,20.4,21.4
3,2,161,56,21.6,21.9
3,2,161,57,22,22.2
3,2,161.2,55.1,21.2,26.2
3,2,161.4,57.1,21.9,32.6
3,2,161.4,58.5,22.5,31.2
3,2,161.5,53.2,20.4,27.1
3,2,161.6,57.3,21.9,19.6
3,2,161.8,62.4,23.8,28.3
3,2,162,52.2,19.9,25.6
3,2,162,54,20.6,23.9
3,2,162,55,21,18.6
3,2,162,55.8,21.3,18.7
3,2,162,56.4,21.5,20.4
3,2,162,58,22.1,20.7
3,2,162.1,51.7,19.7,21.6
3,2,162.2,49.7,18.9,27.1
3,2,162.2,56.4,21.4,27.3
3,2,162.3,49.1,18.6,22.9
3,2,162.5,46.7,17.7,26.1
3,2,162.5,51.6,19.5,21.9
3,2,162.5,54,20.4,20.5
3,2,162.5,54.1,20.5,20.3
3,2,162.5,54.8,20.8,24.4
3,2,162.6,52.4,19.8,18
3,2,162.7,67.7,25.6,27.1
3,2,163,42.9,16.1,17
3,2,163,42.9,16.1,19.4
3,2,163,51,19.2,15.8
3,2,163,52,19.6,18.9
3,2,163,57,21.5,18.8
3,2,163,59,22.2,32.6
3,2,163.1,49.9,18.8,19.4
3,2,163.4,53,19.9,24.7
3,2,163.5,59,22.1,28.3
3,2,163.6,49.4,18.5,24.4
3,2,163.8,58,21.6,26.2
3,2,164,48.1,17.9,17
3,2,164,48.1,17.9,19.1
3,2,164,52,19.3,21
3,2,164,52.5,19.5,26.8
3,2,164,54,20.1,21.7
3,2,164,58,21.6,21.9
3,2,164,58,21.6,23.9
3,2,164,60,22.3,21.2
3,2,164.2,55.9,20.7,25.8
3,2,164.3,57.6,21.3,25.4
3,2,164.4,51.8,19.2,16.7
3,2,164.4,60.7,22.5,26.2
3,2,164.5,56.1,20.7,22.5
3,2,164.7,70.8,26.1,31
3,2,164.7,70.8,26.1,31.6
3,2,165,57.5,21.1,21.7
3,2,165,59.2,21.7,20.2
3,2,165,59.3,21.8,23
3,2,165,59.3,21.8,25
3,2,165,60.7,22.3,28.3
3,2,165.1,62.9,23.1,25
3,2,165.2,60.5,22.2,27.5
3,2,165.4,66.1,24.2,39
3,2,165.8,52,18.9,18.6
3,2,165.8,52.1,19,19.5
3,2,165.8,52.1,19,22.5
3,2,166,49,17.8,18.8
3,2,166,60.4,21.9,19.4
3,2,166,60.5,22,18.4
3,2,166,60.5,22,23.3
3,2,166,63,22.9,18.4
3,2,166,68,24.7,23.6
3,2,166.1,51.8,18.8,26.1
3,2,166.1,53.7,19.5,24.3
3,2,166.1,55,19.9,24.6
3,2,167,46,16.5,21.1
3,2,167,58,20.8,15.3
3,2,167,59,21.2,21.8
3,2,167,59.4,21.3,23
3,2,167,63,22.6,20
3,2,167.1,72.4,25.9,29.1
3,2,167.2,57.2,20.5,21.4
3,2,167.4,80,28.5,32.4
3,2,167.6,58.8,20.9,24.5
3,2,167.8,58.8,20.9,23.1
3,2,168,57,20.2,26.5
3,2,168,58,20.5,19.7
3,2,168,59,20.9,16.6
3,2,168,59.4,21,24.3
3,2,168,60,21.3,25.2
3,2,168,68,24.1,22.1
3,2,168.5,62.1,21.9,25.5
3,2,168.7,57.7,20.3,23.2
3,2,168.7,57.7,20.3,23.2
3,2,169.1,48.8,17.1,15.6
3,2,169.2,58,20.3,24.2
3,2,169.2,60.2,21,25.4
3,2,169.2,62.3,21.8,27
3,2,169.2,62.3,21.8,28.8
3,2,169.3,54.5,19,20.3
3,2,169.3,64.3,22.4,20.2
3,2,169.5,56.4,19.6,31.2
3,2,169.5,60.6,21.1,25
3,2,169.8,58.9,20.4,23.1
3,2,170.4,50,17.2,17.1
3,2,170.4,58.2,20,18.6
3,2,170.6,63,21.6,24.2
3,2,170.8,57,19.5,24
3,2,171,60,20.5,27
3,2,171.8,63.9,21.6,26.7
3,2,172,67,22.6,27.7
3,2,172.2,49.3,16.6,18.2
3,2,173,68,22.7,21.6
3,2,173.1,68.5,22.9,25.8
3,2,174,66,21.8,27.2
3,2,175,58,18.9,16.7
3,2,175,63,20.6,13.7
3,2,175,87,28.4,26.3
3,2,176.2,69,22.2,22.1
4,1,156.9,61.7,25.1,25.6
4,1,157.9,77.8,31.2,20.8
4,1,160.5,73.2,28.4,20.2
4,1,161,68,26.2,12.2
4,1,161,73,28.2,16.8
4,1,161.6,57,21.8,25.2
4,1,162.1,66.1,25.2,10.7
4,1,163.2,70.2,26.4,22.5
4,1,163.6,62.6,23.4,23.9
4,1,163.6,76.7,28.7,19.1
4,1,163.8,60.6,22.6,23.8
4,1,164,78.7,29.3,22.1
4,1,164,87,32.3,23
4,1,164.5,75.8,28,30
4,1,164.9,65.1,23.9,24.2
4,1,165,65,23.9,24.4
4,1,165,67,24.6,15.3
4,1,165,71.1,26.1,23.4
4,1,165,77,28.3,19.8
4,1,165.2,65.2,23.9,21.1
4,1,165.3,82.6,30.2,18.8
4,1,165.5,89.9,32.8,27.1
4,1,165.6,73.1,26.7,12.1
4,1,166,73.5,26.7,32.3
4,1,166.1,78.1,28.3,10.4
4,1,166.2,70,25.3,22.4
4,1,166.2,77.6,28.1,20
4,1,166.4,78.2,28.2,26.1
4,1,166.9,65.3,23.4,15
4,1,167,72,25.8,18.8
4,1,167,75.2,27,16.9
4,1,167,75.2,27,19.5
4,1,167,78.4,28.1,27.4
4,1,167.2,80.2,28.7,29.9
4,1,167.5,76.8,27.4,21.8
4,1,167.6,59.7,21.3,12.6
4,1,167.8,82.3,29.2,23.4
4,1,167.9,58.5,20.8,13.9
4,1,167.9,69.3,24.6,23.1
4,1,168,62,22,9.9
4,1,168,70,24.8,16.9
4,1,168,72.3,25.6,17.7
4,1,168,73,25.9,14.8
4,1,168,73,25.9,15.3
4,1,168,75,26.6,16.3
4,1,168,82.5,29.2,21.8
4,1,168.2,59.4,21,14.5
4,1,168.4,70,24.7,25.9
4,1,168.5,73.8,26,15.1
4,1,168.5,74.2,26.1,14.3
4,1,168.5,74.2,26.1,14.8
4,1,168.6,53,18.6,9.7
4,1,168.6,65.9,23.2,19.5
4,1,168.8,74.5,26.1,14.9
4,1,168.9,75.3,26.4,24.1
4,1,169,64,22.4,14.3
4,1,169,67.6,23.7,20.8
4,1,169,71,24.9,15.1
4,1,169,73,25.6,13.1
4,1,169,83.4,29.2,28.3
4,1,169.2,59.3,20.7,10.6
4,1,169.3,61.2,21.4,19.6
4,1,169.3,80.2,28,17.9
4,1,169.4,81.4,28.4,26.5
4,1,169.5,59.3,20.6,24.1
4,1,169.5,65.1,22.7,30
4,1,169.5,78.4,27.3,17.9
4,1,169.9,65,22.5,13.3
4,1,169.9,75.3,26.1,18.3
4,1,170,68,23.5,12.2
4,1,170,70,24.2,15.9
4,1,170,70,24.2,19.9
4,1,170,73,25.3,22.6
4,1,170,75,26,22.1
4,1,170,77.9,27,16.7
4,1,170,79,27.3,24.3
4,1,170,84,29.1,23.8
4,1,170.2,70.8,24.4,13.3
4,1,170.2,74,25.5,21.2
4,1,170.2,76.5,26.4,26.2
4,1,170.2,87.6,30.2,26.6
4,1,170.5,91,31.3,30.8
4,1,170.6,61.3,21.1,18.4
4,1,170.6,90.1,31,19
4,1,170.8,70.4,24.1,12.7
4,1,170.9,78.8,27,17.4
4,1,171,64.2,22,12.4
4,1,171,81.3,27.8,16.9
4,1,171,81.3,27.8,18.7
4,1,171,81.5,27.9,22.2
4,1,171,85.6,29.3,18.7
4,1,171.2,78.1,26.6,16.7
4,1,171.3,78.9,26.9,17.2
4,1,171.4,78.2,26.6,17
4,1,171.5,65.2,22.2,28.3
4,1,171.6,73.9,25.1,14.9
4,1,172,59,19.9,11.6
4,1,172,68,23,15.3
4,1,172,68.5,23.2,21.1
4,1,172,68.7,23.2,17.3
4,1,172,68.7,23.2,21.9
4,1,172,74,25,19
4,1,172,78,26.4,13.9
4,1,172,79,26.7,25.3
4,1,172,79.4,26.8,22.7
4,1,172,85,28.7,26.4
4,1,172.1,66.1,22.3,14.7
4,1,172.1,76.8,25.9,23.9
4,1,172.3,65.7,22.1,14.2
4,1,172.3,74.6,25.1,15.1
4,1,172.3,74.8,25.2,18.1
4,1,172.3,78,26.3,22.1
4,1,172.3,92,31,21.4
4,1,172.4,76,25.6,20.1
4,1,172.4,77.8,26.2,17.3
4,1,172.4,78.3,26.3,23.4
4,1,172.4,88.3,29.7,23.6
4,1,172.4,94,31.6,18.9
4,1,172.5,72.1,24.2,13.8
4,1,172.5,76.8,25.8,15.8
4,1,172.6,73.6,24.7,15.1
4,1,172.6,74.6,25,14.9
4,1,172.7,65.1,21.8,17.1
4,1,172.8,73.6,24.6,14.4
4,1,172.8,80.6,27,18.2
4,1,172.9,69.5,23.2,18.9
4,1,173,65,21.7,10.1
4,1,173,70,23.4,14.9
4,1,173,75,25.1,15.8
4,1,173,80,26.7,18.1
4,1,173,84,28.1,20
4,1,173.1,69.7,23.3,17.4
4,1,173.1,81.2,27.1,25.1
4,1,173.6,73.5,24.4,17.5
4,1,173.8,74.1,24.5,15.2
4,1,174,64,21.1,8.1
4,1,174,67,22.1,12.9
4,1,174,68,22.5,19.5
4,1,174,68.5,22.6,19.1
4,1,174,78,25.8,12.1
4,1,174,81,26.8,16.4
4,1,174,84,27.7,22.6
4,1,174.1,69.7,23,13.5
4,1,174.1,90,29.7,24.1
4,1,174.2,68,22.4,18.9
4,1,174.3,64.7,21.3,18.1
4,1,174.3,83.1,27.4,19.2
4,1,174.4,77.3,25.4,23.7
4,1,174.5,66.4,21.8,11.6
4,1,174.5,75.1,24.7,20.3
4,1,174.5,77.6,25.5,23.7
4,1,174.5,83.1,27.3,17.8
4,1,174.5,90.5,29.7,25.1
4,1,174.6,80.1,26.3,23.5
4,1,174.8,68.2,22.3,12.7
4,1,174.9,76.4,25,13.4
4,1,175,66,21.6,11.8
4,1,175,67,21.9,14.9
4,1,175,72,23.5,9.4
4,1,175,74,24.2,16.5
4,1,175,74,24.2,16.7
4,1,175,74,24.2,18.3
4,1,175,78,25.5,17.3
4,1,175,78.2,25.5,19.6
4,1,175,81,26.4,19.1
4,1,175,82,26.8,24
4,1,175,85.9,28,27.7
4,1,175,86,28.1,16.8
4,1,175,86.9,28.4,14.8
4,1,175.1,87.3,28.5,23.1
4,1,175.2,78.2,25.5,25.1
4,1,175.2,79.6,25.9,18.4
4,1,175.3,67,21.8,9.6
4,1,175.3,78,25.4,19.7
4,1,175.4,76.2,24.8,22.5
4,1,175.4,80.2,26.1,24
4,1,175.7,73.4,23.8,21
4,1,175.7,81.7,26.5,25.4
4,1,175.8,77,24.9,27.2
4,1,175.8,79.2,25.6,12.9
4,1,176,67.8,21.9,9.8
4,1,176,68,22,10.3
4,1,176,74,23.9,10.9
4,1,176,74,23.9,13.9
4,1,176,76,24.5,12.1
4,1,176,76,24.5,19.1
4,1,176,80.5,26,17.8
4,1,176,88,28.4,13.4
4,1,176.2,103,33.2,27.7
4,1,176.2,73.2,23.6,21.5
4,1,176.2,75,24.2,22.7
4,1,176.2,83,26.7,19
4,1,176.4,74.2,23.8,17.9
4,1,176.4,77.2,24.8,25.3
4,1,176.5,72.9,23.4,17.8
4,1,176.5,77.5,24.9,22.1
4,1,176.5,78.4,25.2,17.6
4,1,176.5,80.7,25.9,18.5
4,1,176.7,65.8,21.1,7.5
4,1,176.7,83.6,26.8,24.2
4,1,176.7,85.1,27.3,13.3
4,1,176.9,69.6,22.2,16.2
4,1,177,64,20.4,10.3
4,1,177,67,21.4,10.5
4,1,177,68,21.7,11
4,1,177,73.4,23.4,17
4,1,177,74,23.6,11.9
4,1,177,75.1,24,14.8
4,1,177,76,24.3,14.1
4,1,177,77.7,24.8,31.1
4,1,177,80,25.5,15.1
4,1,177,81.3,26,17.8
4,1,177,82,26.2,19
4,1,177,88,28.1,24.4
4,1,177.2,81.5,26,16.4
4,1,177.3,53.2,16.9,25.9
4,1,177.3,71.8,22.8,17.7
4,1,177.4,70.4,22.4,21.3
4,1,177.5,64.2,20.4,10.2
4,1,177.5,69.7,22.1,22.2
4,1,177.5,85,27,24.4
4,1,177.5,96.3,30.6,24.9
4,1,177.6,62.2,19.7,9.9
4,1,177.7,79.6,25.2,21.4
4,1,178,73,23,10.3
4,1,178,75,23.7,11.3
4,1,178,76,24,12.3
4,1,178,78,24.6,17.5
4,1,178,82,25.9,18.9
4,1,178,82.2,25.9,19.1
4,1,178,88,27.8,17.2
4,1,178,89,28.1,18.2
4,1,178,90,28.4,23.4
4,1,178.2,71.2,22.4,19.8
4,1,178.2,72.5,22.8,14.5
4,1,178.2,76.2,24,23.7
4,1,178.2,76.9,24.2,22.6
4,1,178.3,63.6,20,14.3
4,1,178.3,72,22.6,19.3
4,1,178.3,82.8,26,18.1
4,1,178.3,93.8,29.5,26.6
4,1,178.4,68.5,21.5,9.9
4,1,178.4,76,23.9,13.5
4,1,178.5,77.9,24.4,18.8
4,1,178.5,79.4,24.9,22.6
4,1,178.6,110.4,34.6,23.3
4,1,178.6,72.6,22.8,21.8
4,1,178.7,90.5,28.3,21.4
4,1,179,76.4,23.8,18.7
4,1,179,90,28.1,9
4,1,179.1,79,24.6,18.9
4,1,179.1,80.5,25.1,18
4,1,179.1,93.7,29.2,23.4
4,1,179.2,93.8,29.2,23.4
4,1,179.4,80.2,24.9,22.2
4,1,179.8,78.5,24.3,16.9
4,1,180,102,31.5,16.9
4,1,180,71,21.9,12.1
4,1,180,72,22.2,14.4
4,1,180,76,23.5,14.7
4,1,180,78,24.1,10.6
4,1,180,78,24.1,15.1
4,1,180,78,24.1,9.7
4,1,180,78,24.1,9.9
4,1,180,82,25.3,13.3
4,1,180,85,26.2,16
4,1,180,86,26.5,15.8
4,1,180,86,26.5,31.9
4,1,180,90,27.8,23.9
4,1,180.4,79.3,24.4,19.1
4,1,180.4,96.9,29.8,16
4,1,180.5,76.4,23.4,13.9
4,1,180.5,78,23.9,15.1
4,1,180.6,81.2,24.9,14.1
4,1,180.8,73.8,22.6,24.3
4,1,181,71,21.7,15.2
4,1,181.1,72.7,22.2,22.7
4,1,181.1,80.5,24.5,16.4
4,1,181.1,88,26.8,17.8
4,1,181.4,88.3,26.8,19.4
4,1,182.3,78.5,23.6,21.2
4,1,182.3,81.8,24.6,19.1
4,1,182.3,89.6,27,29.7
4,1,182.3,98.2,29.5,24.2
4,1,182.4,60.6,18.2,6.6
4,1,182.5,78.6,23.6,24.3
4,1,183,74,22.1,10.5
4,1,183,80.8,24.1,22.7
4,1,183,90,26.9,15.2
4,1,183.3,86.3,25.7,14.2
4,1,183.4,69.8,20.8,14.4
4,1,183.4,93.9,27.9,24.7
4,1,183.6,95,28.2,23
4,1,184,78,23,16
4,1,184,87,25.7,17.6
4,1,184,97,28.7,27.5
4,1,184.9,92.7,27.1,25.4
4,1,185.1,72.6,21.2,14.2
4,1,185.5,93.3,27.1,20
4,1,185.7,77.7,22.5,17.4
4,1,187,75,21.4,9.7
4,1,187,80,22.9,10
4,1,188.3,86.2,24.3,20.7
4,1,190.8,95.8,26.3,18.7
4,1,192.5,75.1,20.3,26.1
4,2,148,51,23.3,31.7
4,2,148.1,53.9,24.6,22.7
4,2,149,47,21.2,17.9
4,2,149.9,47.4,21.1,24.8
4,2,150,59,26.2,24.7
4,2,150.2,48.2,21.4,23.4
4,2,150.4,46.2,20.4,17.9
4,2,151.1,54.9,24,22.4
4,2,152,64.2,27.8,23.4
4,2,152.2,52.1,22.5,23.3
4,2,152.3,49.8,21.5,27.4
4,2,153,47.5,20.3,24.6
4,2,153,56,23.9,25.5
4,2,153,58.7,25.1,22.7
4,2,153,58.7,25.1,24
4,2,153,65,27.8,21.3
4,2,153.2,70,29.8,45.6
4,2,153.5,65,27.6,19.9
4,2,153.8,52.2,22.1,25.5
4,2,154,48,20.2,25.1
4,2,154,61,25.7,22.7
4,2,154,61,25.7,22.9
4,2,154.2,49.5,20.8,31.4
4,2,154.7,44.9,18.8,20.8
4,2,154.8,51.1,21.3,30.5
4,2,154.9,53.7,22.4,26.6
4,2,155,47,19.6,28.8
4,2,155,50,20.8,19.6
4,2,155,51,21.2,23.3
4,2,155,53,22.1,23.1
4,2,155.1,56,23.3,23.4
4,2,155.2,50,20.8,19.6
4,2,155.3,54.3,22.5,32.4
4,2,155.5,48.4,20,25.1
4,2,155.6,53.6,22.1,27
4,2,156,42.5,17.5,16.4
4,2,156,49,20.1,20.4
4,2,156,52,21.4,26.3
4,2,156,60,24.7,25.4
4,2,156,69.4,28.5,40.7
4,2,156.5,56.5,23.1,23.8
4,2,156.5,63,25.7,22.2
4,2,156.5,63,25.7,24.3
4,2,156.5,81.3,33.2,45
4,2,156.8,52.7,21.4,32.7
4,2,157,56,22.7,25.7
4,2,157.2,51.7,20.9,20.1
4,2,157.2,54.9,22.2,22.7
4,2,157.5,48.4,19.5,19.3
4,2,157.6,58.5,23.6,35.1
4,2,157.8,56.1,22.5,25.4
4,2,158,46.9,18.8,17.7
4,2,158,53,21.2,24.1
4,2,158,56,22.4,23.7
4,2,158,56,22.4,23.8
4,2,158,56,22.4,27.2
4,2,158,59.9,24,27.2
4,2,158,60,24,25.6
4,2,158.1,59.6,23.8,35.9
4,2,158.2,46.5,18.6,20.5
4,2,158.5,50.5,20.1,20.2
4,2,159,49.6,19.6,27.8
4,2,159,56.9,22.5,26.7
4,2,159,58.9,23.3,23.8
4,2,159,59.8,23.7,26
4,2,159,60,23.7,19.2
4,2,159.4,50.4,19.8,29.3
4,2,159.5,45.6,17.9,23.1
4,2,159.5,54.2,21.3,30.1
4,2,159.7,57,22.3,24.6
4,2,159.7,61.9,24.3,34.7
4,2,159.8,52.2,20.4,24.7
4,2,159.9,59.7,23.3,31.3
4,2,160,48,18.8,22.4
4,2,160,59,23,27.7
4,2,160,59,23,28.2
4,2,160,60.3,23.6,29.4
4,2,160,65,25.4,26.3
4,2,160.1,55.2,21.5,19.3
4,2,160.2,47.1,18.4,24.3
4,2,160.4,61.5,23.9,34.7
4,2,160.5,55.7,21.6,29.8
4,2,160.5,78,30.3,40.9
4,2,160.6,53.3,20.7,32.9
4,2,160.6,58.5,22.7,29.7
4,2,160.8,59.1,22.9,35.4
4,2,161,53.8,20.8,21.8
4,2,161,54,20.8,17.7
4,2,161,55.5,21.4,19.6
4,2,161,56,21.6,27.6
4,2,161,60,23.1,16.7
4,2,161,60,23.1,20.5
4,2,161,61,23.5,18.2
4,2,161,62,23.9,19.7
4,2,161.1,53.7,20.7,29.6
4,2,161.1,64.3,24.8,32.4
4,2,161.2,77.5,29.8,31.2
4,2,161.3,51.4,19.8,26.1
4,2,161.5,53.8,20.6,21.3
4,2,161.5,55.6,21.3,32.1
4,2,161.6,46.8,17.9,20.4
4,2,161.6,56.8,21.8,26
4,2,161.6,70,26.8,26.1
4,2,161.7,55.1,21.1,30.8
4,2,161.7,65.6,25.1,27.9
4,2,162,40,15.2,15.3
4,2,162,50,19.1,18.1
4,2,162,53,20.2,21.1
4,2,162,56,21.3,15.7
4,2,162,64,24.4,18.2
4,2,162.1,48.1,18.3,21.2
4,2,162.1,49.5,18.8,21.5
4,2,162.1,50.5,19.2,19.1
4,2,162.1,51.8,19.7,25.3
4,2,162.2,65.7,25,26.7
4,2,162.6,60.5,22.9,38.6
4,2,163,51.6,19.4,21.7
4,2,163,53,19.9,19.9
4,2,163,53.5,20.1,24.7
4,2,163,56.2,21.2,16.8
4,2,163,56.6,21.3,27.3
4,2,163,63,23.7,18.1
4,2,163,63,23.7,18.9
4,2,163,66,24.8,31.9
4,2,163.1,52.9,19.9,16.8
4,2,163.3,56.1,21,29.2
4,2,163.3,67,25.1,36.9
4,2,163.4,58,21.7,26.6
4,2,163.5,63,23.6,19.3
4,2,164,54.2,20.2,25.1
4,2,164,55.5,20.6,18.8
4,2,164,58,21.6,21.1
4,2,164.1,59.6,22.1,27.6
4,2,164.2,59.8,22.2,28.2
4,2,164.3,71.5,26.5,36.9
4,2,164.5,55.5,20.5,29.7
4,2,164.6,54.5,20.1,31.9
4,2,164.7,55.4,20.4,31.6
4,2,164.7,77.4,28.5,37.1
4,2,164.9,56.8,20.9,18.6
4,2,165,48,17.6,20.2
4,2,165,51,18.7,18.5
4,2,165,57,20.9,16.6
4,2,165,57,20.9,19.8
4,2,165,60,22,18.8
4,2,165.1,70.7,25.9,37.6
4,2,165.2,56.9,20.8,22.9
4,2,165.3,52,19,23.1
4,2,165.4,62,22.7,26.2
4,2,165.4,64.5,23.6,25.4
4,2,165.5,64.2,23.4,19.2
4,2,165.7,58.1,21.2,26.7
4,2,165.8,48,17.5,24.5
4,2,165.9,68,24.7,41.1
4,2,166,50,18.1,18.8
4,2,166,66,24,26.9
4,2,166.4,59.2,21.4,29.7
4,2,166.7,67.2,24.2,22.3
4,2,166.8,54.3,19.5,24.9
4,2,166.9,59.1,21.2,32.5
4,2,167,50,17.9,15.5
4,2,167,54,19.4,19.8
4,2,167.2,61.4,22,32.3
4,2,167.4,63.3,22.6,19.9
4,2,167.4,65.5,23.4,29.4
4,2,167.5,60.2,21.5,26.6
4,2,168.4,62.8,22.1,27
4,2,168.6,71.3,25.1,25.7
4,2,168.7,49.9,17.5,12.5
4,2,168.7,51.7,18.2,15.2
4,2,168.7,82.4,29,37
4,2,169,57,20,21.5
4,2,169,67,23.5,19.2
4,2,169.2,61.9,21.6,24.5
4,2,169.4,52.3,18.2,14.3
4,2,169.4,66,23,29.7
4,2,170,72,24.9,25.2
4,2,170,72,24.9,25.4
4,2,170.3,80.1,27.6,36.6
4,2,173.7,64.4,21.3,30.6
5,1,157,56,22.7,11.7
5,1,158.6,65.4,26,21.4
5,1,159,64.5,25.5,28.6
5,1,159.4,71.7,28.2,22.1
5,1,160.4,61.2,23.8,15.8
5,1,160.7,66.6,25.8,16.5
5,1,161.6,76.8,29.4,15.8
5,1,162.3,69.3,26.3,24.9
5,1,162.8,58.6,22.1,7.1
5,1,162.9,69.8,26.3,8.6
5,1,163.1,66.7,25.1,13.9
5,1,164,61,22.7,20.5
5,1,164,73.5,27.3,25.1
5,1,164,80.6,30,19.1
5,1,164.4,81.3,30.1,28.1
5,1,165,58,21.3,12.4
5,1,165,66.2,24.3,23.5
5,1,165.1,62.5,22.9,14.7
5,1,165.2,54.9,20.1,15.3
5,1,165.2,54.9,20.1,17.3
5,1,165.3,55.4,20.3,14.1
5,1,165.3,55.4,20.3,15.3
5,1,165.8,64.8,23.6,20.5
5,1,166,73,26.5,14.7
5,1,166,90.2,32.7,25.1
5,1,166,90.2,32.7,26.4
5,1,166.2,62.7,22.7,13.4
5,1,166.2,68.5,24.8,26.6
5,1,166.2,77.4,28,12.3
5,1,166.4,73.5,26.5,22.5
5,1,166.5,64.7,23.3,24.6
5,1,166.5,75.7,27.3,15.5
5,1,166.8,70.2,25.2,8.1
5,1,166.9,76.1,27.3,22.2
5,1,167,62,22.2,21.8
5,1,167,65.5,23.5,16.2
5,1,167.1,62.5,22.4,17.7
5,1,167.3,63,22.5,17.1
5,1,167.5,57.1,20.4,18.6
5,1,167.6,65.6,23.4,8.1
5,1,168,53,18.8,13.5
5,1,168,66,23.4,20.6
5,1,168,66,23.4,20.9
5,1,168,77,27.3,20.3
5,1,168.2,61.5,21.7,31.5
5,1,168.4,64.5,22.7,15.9
5,1,168.7,64.2,22.6,16.4
5,1,168.8,56.5,19.8,11.6
5,1,168.8,63,22.1,15.7
5,1,168.9,71.1,24.9,19.3
5,1,169,60.8,21.3,19.3
5,1,169,64,22.4,17.7
5,1,169,72,25.2,22.5
5,1,169,77,27,21.4
5,1,169,77,27,25.1
5,1,169,78,27.3,22
5,1,169.4,75.7,26.4,14.4
5,1,169.5,77.3,26.9,14.7
5,1,169.6,68.8,23.9,12.8
5,1,169.6,68.8,23.9,19.8
5,1,169.7,74.2,25.8,20
5,1,169.7,74.2,25.8,20.3
5,1,169.9,61,21.1,16.6
5,1,170,62,21.5,8.9
5,1,170,68,23.5,16
5,1,170,73,25.3,13.7
5,1,170,78,27,17.3
5,1,170,78,27,18.8
5,1,170,84.5,29.2,21.9
5,1,170.1,76.4,26.4,23.3
5,1,170.4,76,26.2,18.3
5,1,170.5,68,23.4,18.6
5,1,170.5,70.2,24.1,16.3
5,1,170.8,65.3,22.4,19.5
5,1,170.9,69.5,23.8,10.7
5,1,171,62,21.2,12.6
5,1,171,68,23.3,13.4
5,1,171,68,23.3,15.7
5,1,171,68,23.3,18.2
5,1,171,70,23.9,12.2
5,1,171,73,25,27.4
5,1,171,76.8,26.3,17.7
5,1,171.3,67,22.8,15.4
5,1,171.3,85.4,29.1,24.2
5,1,171.3,85.4,29.1,25
5,1,171.4,87.5,29.8,31.3
5,1,171.5,75.9,25.8,8.5
5,1,171.6,62.2,21.1,17.9
5,1,171.6,73.5,25,20.4
5,1,171.8,69.6,23.6,8.5
5,1,172,56,18.9,11.8
5,1,172,58,19.6,11.7
5,1,172,61,20.6,10.9
5,1,172,63,21.3,13.9
5,1,172,64.5,21.8,13.3
5,1,172,68,23,10.1
5,1,172,70,23.7,23.5
5,1,172,74,25,12.9
5,1,172.1,86.4,29.2,24.9
5,1,172.3,74.2,25,19.9
5,1,172.4,60.7,20.4,15.5
5,1,172.4,60.7,20.4,16.1
5,1,172.4,75.1,25.3,22.1
5,1,172.5,69.8,23.5,14.4
5,1,172.5,77.4,26,23.2
5,1,172.6,83.4,28,24.7
5,1,172.8,74.7,25,23.6
5,1,172.9,66.6,22.3,23.6
5,1,172.9,80.3,26.9,25.1
5,1,173,61,20.4,12.7
5,1,173,64,21.4,14.2
5,1,173,68,22.7,10.6
5,1,173,68,22.7,17
5,1,173,70,23.4,14.4
5,1,173,76,25.4,18.5
5,1,173.1,75.4,25.2,17
5,1,173.2,70.3,23.4,22.6
5,1,173.2,81.9,27.3,21.7
5,1,173.4,65.4,21.8,11.4
5,1,173.4,65.4,21.8,12.3
5,1,173.4,68.9,22.9,13.9
5,1,173.4,68.9,22.9,7.2
5,1,173.4,76.1,25.3,20.2
5,1,173.4,80.1,26.6,15.8
5,1,173.5,72.5,24.1,18.7
5,1,173.8,56.4,18.7,8.9
5,1,174,58,19.2,13.1
5,1,174,61,20.1,16.5
5,1,174,61,20.1,16.7
5,1,174,62.9,20.8,13.8
5,1,174,63,20.8,12.4
5,1,174,66,21.8,14.4
5,1,174,67,22.1,23
5,1,174,68,22.5,14.5
5,1,174,68,22.5,16.5
5,1,174,70,23.1,14.1
5,1,174,72,23.8,15.1
5,1,174,72,23.8,19.5
5,1,174,76,25.1,17.8
5,1,174,80,26.4,15.4
5,1,174,80,26.4,19.2
5,1,174,89,29.4,27.8
5,1,174.1,72.8,24,22.3
5,1,174.3,78.1,25.7,20.9
5,1,174.5,61.7,20.3,19.7
5,1,174.5,83.3,27.4,20.8
5,1,174.5,84.1,27.6,24.5
5,1,174.8,69,22.6,20.3
5,1,174.8,84.7,27.7,21.5
5,1,174.8,95.1,31.1,15.3
5,1,174.9,77.6,25.4,17.5
5,1,175,58,18.9,13.5
5,1,175,69.8,22.8,11.5
5,1,175,73,23.8,16.4
5,1,175,73,23.8,20
5,1,175,73,23.8,23.2
5,1,175,81.9,26.7,21.3
5,1,175,86.1,28.1,26.9
5,1,175.1,73,23.8,18.7
5,1,175.1,84,27.4,26.5
5,1,175.4,81,26.3,30.3
5,1,175.5,79.9,25.9,20.9
5,1,175.6,73,23.7,14.5
5,1,175.8,61.6,19.9,16
5,1,175.8,71.5,23.1,24.9
5,1,175.9,71.5,23.1,17.8
5,1,175.9,83.1,26.9,28.4
5,1,176,68,22,13.8
5,1,176,69,22.3,16.7
5,1,176,70,22.6,15.3
5,1,176,70,22.6,19.4
5,1,176,70,22.6,25.3
5,1,176,71,22.9,13.9
5,1,176,72.9,23.5,13.5
5,1,176,72.9,23.5,6.3
5,1,176,73,23.6,11.4
5,1,176,77.7,25.1,25.2
5,1,176,78,25.2,29.7
5,1,176,82,26.5,25.1
5,1,176.1,70.1,22.6,18
5,1,176.2,72.2,23.3,15.3
5,1,176.2,72.2,23.3,15.6
5,1,176.4,75.1,24.1,21.2
5,1,176.5,84,27,19.1
5,1,176.6,75.2,24.1,22.1
5,1,176.7,73.2,23.4,21.1
5,1,176.9,94.6,30.2,15.4
5,1,177,63,20.1,12.7
5,1,177,65,20.7,13.1
5,1,177,68,21.7,15.5
5,1,177,72,23,12
5,1,177,73,23.3,9.2
5,1,177,87,27.8,15.1
5,1,177.2,64.4,20.5,12.5
5,1,177.2,66.6,21.2,20.8
5,1,177.6,75.4,23.9,13.2
5,1,177.7,73,23.1,18.7
5,1,177.7,73.1,23.1,8.7
5,1,177.7,79.9,25.3,17.9
5,1,177.8,67,21.2,10.5
5,1,177.8,72.2,22.8,14.8
5,1,177.8,82.4,26.1,21.6
5,1,178,47.3,14.9,28.9
5,1,178,68,21.5,10.3
5,1,178,70,22.1,19.3
5,1,178,70,22.1,19.8
5,1,178,71.2,22.5,13.1
5,1,178,75.6,23.9,18.2
5,1,178,77.7,24.5,17.7
5,1,178,77.7,24.5,18.9
5,1,178,80,25.2,27.9
5,1,178.2,81,25.5,23.3
5,1,178.4,69.7,21.9,18.7
5,1,178.4,80.4,25.3,20
5,1,178.5,65.6,20.6,10.1
5,1,178.6,79.5,24.9,21.2
5,1,179,70,21.8,10.1
5,1,179,79,24.7,17.5
5,1,179,83.5,26.1,23.7
5,1,179,88,27.5,19.3
5,1,179,89,27.8,15.5
5,1,179.2,69.3,21.6,13.3
5,1,179.7,78.2,24.2,20
5,1,180,70,21.6,16.7
5,1,180,72,22.2,13.5
5,1,180,78,24.1,12.9
5,1,180,78,24.1,13.5
5,1,180,80,24.7,15.8
5,1,180,96,29.6,21.3
5,1,180.4,81.3,25,21.8
5,1,180.6,78.5,24.1,20.6
5,1,181,60,18.3,11.7
5,1,181,68,20.8,15.4
5,1,181,68,20.8,15.6
5,1,181,71,21.7,16.3
5,1,181,73,22.3,18.3
5,1,181,76,23.2,14.4
5,1,181,78,23.8,15
5,1,181,83.1,25.4,19
5,1,181,94,28.7,18.1
5,1,181.4,79,24,19.3
5,1,181.4,84.5,25.7,20.7
5,1,182,71,21.4,13.3
5,1,182,76,22.9,19.6
5,1,182,92,27.8,24.1
5,1,182,93,28.1,24
5,1,182.4,79.4,23.9,20.1
5,1,182.7,80.8,24.2,19.6
5,1,182.8,80.1,24,18.2
5,1,183,68,20.3,15.5
5,1,183,76,22.7,14.4
5,1,183,76,22.7,16.6
5,1,183,81,24.2,18.5
5,1,185.8,100.9,29.2,19.9
5,1,185.8,100.9,29.2,20.2
5,1,188,70,19.8,13.8
5,2,148.5,57.5,26.1,25.1
5,2,148.5,58.3,26.4,30.7
5,2,149,57,25.7,22.9
5,2,149,62.5,28.2,38.7
5,2,149.8,54,24.1,27.6
5,2,151,54.4,23.9,31.5
5,2,151.5,54.5,23.7,21.8
5,2,151.8,51,22.1,23.8
5,2,151.8,56.8,24.6,26.5
5,2,151.8,60.3,26.2,36.4
5,2,152,52.5,22.7,31.5
5,2,152,53.8,23.3,24.7
5,2,152.1,63.4,27.4,31.8
5,2,152.2,60.4,26.1,34.6
5,2,152.5,56.9,24.5,22.8
5,2,153,49.2,21,17.8
5,2,153,54,23.1,21.3
5,2,153,59,25.2,29.2
5,2,153.6,52,22,15.2
5,2,154,49.8,21,22.9
5,2,154,58,24.5,29.1
5,2,154,64,27,32.9
5,2,154.1,53,22.3,23.4
5,2,154.4,53.5,22.4,24.1
5,2,154.4,56.5,23.7,32.5
5,2,154.5,50.3,21.1,24.3
5,2,154.5,56.6,23.7,24.4
5,2,154.5,58.7,24.6,25.4
5,2,154.5,58.7,24.6,25.4
5,2,154.6,56,23.4,16
5,2,154.6,56,23.4,21.9
5,2,154.6,56.9,23.8,37.4
5,2,155,51,21.2,21.8
5,2,155,51,21.2,28
5,2,155,54,22.5,19.3
5,2,155,54,22.5,23.1
5,2,155,55.2,23,28.8
5,2,155.1,52.8,21.9,22.7
5,2,155.4,54.2,22.4,24.4
5,2,156,49,20.1,28.7
5,2,156,52,21.4,20.2
5,2,156,53.6,22,25.1
5,2,156,56.5,23.2,21.6
5,2,156,62.3,25.6,32
5,2,156,65,26.7,26.6
5,2,156.1,70.1,28.8,26.7
5,2,156.4,57.8,23.6,28.2
5,2,156.7,65.7,26.8,31.8
5,2,157,54,21.9,17.4
5,2,157,55.5,22.5,27.1
5,2,157,57,23.1,20
5,2,157.2,55.6,22.5,32.5
5,2,157.5,54,21.8,32.2
5,2,157.5,57,23,24.7
5,2,157.7,54.7,22,27.8
5,2,157.8,56.7,22.8,25
5,2,157.8,57.7,23.2,28.8
5,2,158,43,17.2,18.8
5,2,158,49,19.6,17.3
5,2,158,49,19.6,19.9
5,2,158,49.5,19.8,23.3
5,2,158,49.8,19.9,17.3
5,2,158,51,20.4,20
5,2,158,52,20.8,22.6
5,2,158,52,20.8,25.2
5,2,158,54.6,21.9,23.4
5,2,158,55,22,27
5,2,158,56,22.4,21.5
5,2,158,59,23.6,20.1
5,2,158,59,23.6,33.1
5,2,158,64.3,25.8,28.2
5,2,158,67,26.8,23.5
5,2,158.1,55.7,22.3,22.8
5,2,158.1,66,26.4,28.9
5,2,158.2,54.1,21.6,25.3
5,2,158.2,57.2,22.9,34
5,2,158.2,58,23.2,31.5
5,2,158.4,62.1,24.8,29.5
5,2,158.4,62.8,25,22.7
5,2,158.5,65,25.9,29.2
5,2,158.6,51.8,20.6,26.4
5,2,158.7,61.1,24.3,35.4
5,2,158.8,57.5,22.8,22
5,2,159,53.4,21.1,32.5
5,2,159,57,22.5,20.5
5,2,159,58,22.9,20.7
5,2,159,59,23.3,36.3
5,2,159,62,24.5,25.8
5,2,159.1,61,24.1,21.6
5,2,159.3,49.1,19.3,22.4
5,2,159.3,64,25.2,24.5
5,2,159.4,51.6,20.3,28.6
5,2,159.5,59.4,23.3,29.6
5,2,159.8,56,21.9,31.1
5,2,159.9,48,18.8,25.4
5,2,160,49,19.1,28.9
5,2,160,52,20.3,21.3
5,2,160,54.9,21.4,19.9
5,2,160,55.1,21.5,19.8
5,2,160,56,21.9,22
5,2,160,57,22.3,19.4
5,2,160,58.9,23,26
5,2,160,58.9,23,29.5
5,2,160,59,23,19.8
5,2,160,61.9,24.2,18.9
5,2,160,70,27.3,33
5,2,160.5,62,24.1,20.4
5,2,160.5,62,24.1,32
5,2,160.5,62.1,24.1,24.4
5,2,160.7,55.2,21.4,22.9
5,2,160.7,58.3,22.6,33.6
5,2,160.7,60,23.2,27.2
5,2,160.8,53,20.5,22.2
5,2,161,50.7,19.6,23.5
5,2,161,54.8,21.1,19.4
5,2,161,56,21.6,19.5
5,2,161,60.1,23.2,21.2
5,2,161,66,25.5,24.3
5,2,161,73,28.2,26.5
5,2,161.1,56,21.6,19.3
5,2,161.3,69.1,26.6,33.5
5,2,161.4,56.2,21.6,20
5,2,161.5,55,21.1,25.2
5,2,161.5,58,22.2,30.7
5,2,161.5,58.4,22.4,20.2
5,2,161.5,63,24.2,21.3
5,2,161.7,58.4,22.3,29.3
5,2,161.9,59.6,22.7,26.8
5,2,161.9,63.2,24.1,23.3
5,2,162,46,17.5,16.7
5,2,162,52,19.8,26.5
5,2,162,52,19.8,27.6
5,2,162,53,20.2,33.6
5,2,162,56,21.3,19.4
5,2,162,56,21.3,19.6
5,2,162,57,21.7,19.2
5,2,162,60,22.9,32.1
5,2,162,72,27.4,29.4
5,2,162.1,58.2,22.1,33.4
5,2,162.1,62.2,23.7,35.5
5,2,162.3,71,27,31.2
5,2,162.3,71.8,27.3,29.2
5,2,162.4,57.2,21.7,23.4
5,2,162.5,53,20.1,24.4
5,2,162.5,54.4,20.6,21.1
5,2,162.5,57,21.6,23.7
5,2,162.9,55.2,20.8,29.5
5,2,163,48,18.1,17.3
5,2,163,50,18.8,17.2
5,2,163,53,19.9,16.7
5,2,163,55.5,20.9,14.3
5,2,163,57.2,21.5,19.7
5,2,163,65,24.5,36.6
5,2,163.4,49.9,18.7,26.3
5,2,163.6,67.7,25.3,35.9
5,2,163.8,88,32.8,40.6
5,2,164,52.7,19.6,19.9
5,2,164,54,20.1,20.5
5,2,164,56,20.8,18.1
5,2,164,57,21.2,20.2
5,2,164,58,21.6,36.3
5,2,164,60,22.3,24.9
5,2,164,61,22.7,23.5
5,2,164,62.3,23.2,27
5,2,164,66,24.5,21.1
5,2,164.1,61.7,22.9,25.2
5,2,164.4,65.4,24.2,26.6
5,2,165,59,21.7,26.6
5,2,165,62,22.8,26.8
5,2,165,69.1,25.4,36.9
5,2,165.1,56,20.5,19.8
5,2,165.1,76.5,28.1,37.1
5,2,165.2,55,20.2,25.6
5,2,165.5,53.3,19.5,19.4
5,2,165.5,66.4,24.2,18.9
5,2,165.7,67.7,24.7,31.7
5,2,166,52,18.9,22.4
5,2,166,54.1,19.6,20.5
5,2,166,55,20,27
5,2,166,61.2,22.2,25.8
5,2,166.2,60.3,21.8,28.8
5,2,166.5,57.3,20.7,19.1
5,2,166.6,72.8,26.2,32.4
5,2,166.7,61.8,22.2,22
5,2,167,58,20.8,18.9
5,2,167,60.9,21.8,20.4
5,2,167,62,22.2,19.8
5,2,167.2,69.1,24.7,33.2
5,2,167.4,60.2,21.5,26.7
5,2,167.5,65.7,23.4,24.1
5,2,168,46,16.3,26.3
5,2,168,56,19.8,23.4
5,2,168,56,19.8,29.6
5,2,168,67.7,24,32.5
5,2,168.5,58,20.4,26
5,2,169,62,21.7,24.8
5,2,169,65,22.8,21.7
5,2,169.5,64,22.3,23
5,2,170,67,23.2,21.6
5,2,170,70,24.2,29.8
5,2,170,81,28,35.1
5,2,170.8,58.5,20.1,26.4
5,2,170.8,72.5,24.9,37.1
5,2,171.6,62.4,21.2,31.4
5,2,171.7,68.1,23.1,32.5
5,2,174,65,21.5,19
6,1,153,55,23.5,21.3
6,1,155.9,69.1,28.4,13.2
6,1,156,50,20.5,13.2
6,1,157,50,20.3,16.3
6,1,157,51.4,20.9,15.1
6,1,157.5,59.8,24.1,19.6
6,1,158.1,60.3,24.1,13
6,1,159.2,50.8,20,27.6
6,1,160,54,21.1,13.9
6,1,160,64,25,17.1
6,1,160.5,70.2,27.3,27.3
6,1,160.7,67.8,26.3,16.1
6,1,160.9,54.8,21.2,8.2
6,1,161.3,57.8,22.2,11.5
6,1,161.6,62.6,24,13.9
6,1,162,58,22.1,14.7
6,1,162.9,69.3,26.1,20.2
6,1,163,67.7,25.5,31.3
6,1,163,70,26.3,33.3
6,1,163.4,64.4,24.1,16.9
6,1,164,63,23.4,17.5
6,1,164.3,73.5,27.2,26.4
6,1,164.4,70.5,26.1,12.9
6,1,164.5,64.7,23.9,17
6,1,164.5,68.7,25.4,19.5
6,1,164.8,65.4,24.1,21.4
6,1,164.8,76.6,28.2,26.2
6,1,164.9,66.6,24.5,22
6,1,165.3,70.4,25.8,17.9
6,1,165.3,77.4,28.3,20.6
6,1,165.6,76,27.7,23.6
6,1,165.6,83.6,30.5,26.6
6,1,165.8,68.8,25,18.9
6,1,165.9,65.3,23.7,11.6
6,1,166,59.3,21.5,18.5
6,1,166,62,22.5,16.4
6,1,166,73,26.5,21.2
6,1,166.3,82.8,29.9,25.3
6,1,166.4,60,21.7,11.7
6,1,166.4,61,22,13
6,1,166.4,81.1,29.3,15.1
6,1,166.5,62,22.4,12.7
6,1,166.5,78.6,28.4,29.1
6,1,166.7,65.9,23.7,22.1
6,1,166.8,61.5,22.1,12.5
6,1,166.8,67.9,24.4,11
6,1,166.8,79.7,28.6,23.1
6,1,167,57.9,20.8,14.3
6,1,167,60,21.5,15.4
6,1,167,61.4,22,12.9
6,1,167,62,22.2,11.6
6,1,167,62,22.2,17.2
6,1,167,63,22.6,12.8
6,1,167,63,22.6,13.1
6,1,167,70,25.1,20.1
6,1,167,87,31.2,20
6,1,167.1,73.1,26.2,19.4
6,1,167.2,66.4,23.8,24.9
6,1,167.3,69.5,24.8,16.6
6,1,167.5,81.4,29,24.8
6,1,167.8,59.9,21.3,15.9
6,1,167.8,66.2,23.5,19.4
6,1,168,60,21.3,11.9
6,1,168,60,21.3,14.4
6,1,168,60,21.3,18.7
6,1,168,62,22,13.4
6,1,168,62,22,18.3
6,1,168,64,22.7,12.3
6,1,168,64,22.7,15.3
6,1,168,64,22.7,16.5
6,1,168,65,23,13.6
6,1,168,66,23.4,12.7
6,1,168,67,23.7,26
6,1,168,67.5,23.9,15.8
6,1,168,68.1,24.1,15.8
6,1,168,68.4,24.2,16.4
6,1,168,68.5,24.3,16.1
6,1,168,69,24.4,15.4
6,1,168,69,24.4,16.9
6,1,168,70,24.8,11.7
6,1,168,70,24.8,15.2
6,1,168,70.9,25.1,19
6,1,168,72,25.5,11.5
6,1,168,72,25.5,19.5
6,1,168.2,68.4,24.2,15.1
6,1,168.2,73.7,26.1,18.4
6,1,168.2,76,26.9,27.5
6,1,168.3,69.9,24.7,19.8
6,1,168.3,70.9,25,20.7
6,1,168.4,81.2,28.6,25.8
6,1,168.6,73.2,25.8,22.1
6,1,168.6,75,26.4,30.4
6,1,168.7,65.5,23,25
6,1,168.7,69.5,24.4,13.5
6,1,168.8,64.4,22.6,11.4
6,1,168.8,77.1,27.1,16.1
6,1,169,61,21.4,14.5
6,1,169,64,22.4,15.8
6,1,169,65,22.8,11.4
6,1,169,68.4,23.9,16
6,1,169,68.4,23.9,16.1
6,1,169,69,24.2,16
6,1,169,69.8,24.4,20.6
6,1,169,73,25.6,22.8
6,1,169,73,25.6,25.5
6,1,169.1,70.5,24.7,27.2
6,1,169.2,74.3,26,24.6
6,1,169.2,92.7,32.4,18.8
6,1,169.4,69.1,24.1,17.5
6,1,169.5,63.7,22.2,16.6
6,1,169.5,64.9,22.6,18.9
6,1,169.5,69,24,16.5
6,1,169.5,75.3,26.2,20.8
6,1,169.8,71.3,24.7,22.6
6,1,170,57.1,19.8,9.3
6,1,170,58,20.1,16.6
6,1,170,63,21.8,19.7
6,1,170,66,22.8,14.8
6,1,170,66,22.8,27.4
6,1,170,67.1,23.2,10.5
6,1,170,68,23.5,16.1
6,1,170,69,23.9,22.1
6,1,170,69.6,24.1,11.6
6,1,170,70,24.2,15.6
6,1,170,70,24.2,16
6,1,170,71,24.6,21.5
6,1,170,72,24.9,17.2
6,1,170,80,27.7,22.1
6,1,170.1,66.6,23,12.3
6,1,170.1,66.6,23,16.4
6,1,170.1,82,28.3,23.5
6,1,170.2,55.5,19.2,8.4
6,1,170.2,82.5,28.5,27.8
6,1,170.3,61,21,16
6,1,170.4,69,23.8,16.8
6,1,170.5,72.1,24.8,22.5
6,1,171,52.1,17.8,7.3
6,1,171,65.5,22.4,17.8
6,1,171,68,23.3,11.4
6,1,171,68,23.3,20.2
6,1,171,71,24.3,16.9
6,1,171,72,24.6,20.4
6,1,171,73,25,21.2
6,1,171,78,26.7,17.8
6,1,171.1,78.7,26.9,23.8
6,1,171.1,79.7,27.2,16.9
6,1,171.3,67.9,23.1,11.4
6,1,171.5,69.4,23.6,12.2
6,1,171.5,72.5,24.6,16.7
6,1,171.5,74,25.2,17
6,1,171.5,74.6,25.4,22.4
6,1,171.5,78.1,26.6,23.5
6,1,171.6,80.6,27.4,19.6
6,1,172,60,20.3,13.7
6,1,172,60,20.3,15.9
6,1,172,65,22,18.6
6,1,172,66,22.3,15
6,1,172,68,23,11
6,1,172,68,23,15
6,1,172,70,23.7,13.9
6,1,172,70,23.7,18.4
6,1,172,71,24,20.1
6,1,172,71.5,24.2,28.2
6,1,172,72,24.3,19.4
6,1,172,78,26.4,21
6,1,172,79,26.7,18.1
6,1,172,79,26.7,21.1
6,1,172.3,78.7,26.5,15.7
6,1,172.4,62.3,21,17.6
6,1,172.4,63.6,21.4,10.8
6,1,172.7,83.8,28.1,24
6,1,172.9,78.3,26.2,22.4
6,1,173,63,21,13.7
6,1,173,67,22.4,9.9
6,1,173,69.5,23.2,15.7
6,1,173,70,23.4,22.1
6,1,173,72,24.1,15.4
6,1,173,73,24.4,18.1
6,1,173,81,27.1,17.2
6,1,173,86.5,28.9,18.9
6,1,173.3,68.4,22.8,19.3
6,1,173.4,70.7,23.5,23.2
6,1,173.4,78.2,26,21
6,1,173.8,75.1,24.9,19.6
6,1,173.8,87.4,28.9,20.5
6,1,174,70,23.1,12.8
6,1,174,70,23.1,21
6,1,174,71.1,23.5,15.5
6,1,174,77,25.4,14.9
6,1,174,78,25.8,19.5
6,1,174,80,26.4,20.6
6,1,174,81,26.8,18.9
6,1,174.3,71.2,23.4,17.3
6,1,174.3,86.9,28.6,25.8
6,1,174.4,65.7,21.6,18.9
6,1,174.5,73.5,24.1,13.6
6,1,174.5,74,24.3,20.7
6,1,174.5,74.6,24.5,20.7
6,1,174.6,78.7,25.8,18.7
6,1,174.7,84.8,27.8,23.9
6,1,174.8,75.4,24.7,22.8
6,1,174.9,75.5,24.7,16.9
6,1,175,72,23.5,21.8
6,1,175,73.5,24,17.8
6,1,175,75.7,24.7,17
6,1,175,76,24.8,16.2
6,1,175,76,24.8,16.6
6,1,175.2,72.4,23.6,19.8
6,1,175.2,80.1,26.1,22.4
6,1,175.4,75.1,24.4,22.4
6,1,175.5,75.1,24.4,18.9
6,1,175.5,94,30.5,17.6
6,1,175.6,81,26.3,19.3
6,1,175.8,73.3,23.7,19
6,1,176,67,21.6,14.1
6,1,176,67.5,21.8,13
6,1,176,71,22.9,12
6,1,176,71,22.9,12.4
6,1,176,72,23.2,16.3
6,1,176,75.3,24.3,13.5
6,1,176,77.6,25.1,25.5
6,1,176,84,27.1,23.9
6,1,176.2,77.5,25,19.9
6,1,176.3,80,25.7,23.4
6,1,176.4,72.4,23.3,22.8
6,1,176.4,78,25.1,20.8
6,1,176.4,86.2,27.7,26.4
6,1,176.5,71.7,23,23.7
6,1,176.7,87.1,27.9,24.4
6,1,176.7,88.6,28.4,27.4
6,1,176.8,77.8,24.9,16.2
6,1,177,67,21.4,18
6,1,177,79,25.2,14.6
6,1,177,80,25.5,21.6
6,1,177,92.7,29.6,23.2
6,1,177.1,79,25.2,28.1
6,1,177.4,98.6,31.3,22.6
6,1,177.5,74.3,23.6,16.9
6,1,177.5,74.5,23.6,19
6,1,177.5,78,24.8,18.4
6,1,178,76.3,24.1,17.2
6,1,178,77.8,24.6,28
6,1,178,78,24.6,17.6
6,1,178,86,27.1,24.7
6,1,178,86.8,27.4,22.1
6,1,178.1,78,24.6,22.7
6,1,178.1,81.4,25.7,21.3
6,1,178.2,77.3,24.3,22.8
6,1,178.2,90.7,28.6,16.8
6,1,178.8,81.9,25.6,16.2
6,1,179.1,70.8,22.1,17.8
6,1,179.2,77.9,24.3,17.5
6,1,179.5,78.4,24.3,17.1
6,1,179.6,92.8,28.8,24.2
6,1,179.7,75.4,23.3,19.6
6,1,180,72,22.2,11.2
6,1,180,72,22.2,15.8
6,1,180,76,23.5,15.6
6,1,180,78,24.1,13.6
6,1,180,84,25.9,17.6
6,1,180,84,25.9,21.2
6,1,180.5,74.6,22.9,20.4
6,1,180.7,76,23.3,24.4
6,1,180.8,76,23.2,18.3
6,1,181,76,23.2,15
6,1,181.7,83,25.1,24.4
6,1,181.9,73.9,22.3,18.8
6,1,182,74,22.3,12.7
6,1,182,92,27.8,17.8
6,1,182.1,77.7,23.4,10
6,1,183,82,24.5,33.2
6,1,183.3,83.4,24.8,18.7
6,1,184,78,23,15.5
6,1,184,80,23.6,16
6,1,184.3,83.1,24.5,18.3
6,1,184.6,75.8,22.2,13
6,1,185.4,98.7,28.7,26.6
6,1,185.6,68.7,19.9,13.3
6,1,187,89.5,25.6,19.1
6,2,131.6,39.4,22.8,31.9
6,2,147,55.6,25.7,25.7
6,2,147.7,40.4,18.5,16.9
6,2,148,58,26.5,16.8
6,2,148.9,64.9,29.3,34.6
6,2,149,50.7,22.8,23
6,2,149.1,64.2,28.9,32.1
6,2,150.7,47.4,20.9,26
6,2,151,48,21.1,25.1
6,2,151,59.4,26.1,26.8
6,2,151.5,53.8,23.4,18.7
6,2,151.5,54,23.5,22.2
6,2,152,54,23.4,23.1
6,2,152,56.2,24.3,22.8
6,2,152,57.9,25.1,25.4
6,2,152,58.6,25.4,25.8
6,2,152.1,58,25.1,16
6,2,152.2,62.1,26.8,28.9
6,2,152.4,59.5,25.6,27.3
6,2,152.5,62,26.7,24.7
6,2,152.6,61.6,26.5,38
6,2,153,48.8,20.8,22.7
6,2,153,51,21.8,22.8
6,2,153,54.8,23.4,19.1
6,2,153,58,24.8,30.6
6,2,153.2,47.2,20.1,19.4
6,2,153.6,49.1,20.8,20.6
6,2,153.6,55.6,23.6,28.5
6,2,153.7,56.1,23.7,28
6,2,153.7,57.1,24.2,32.8
6,2,153.7,61.9,26.2,29.3
6,2,154,52,21.9,20.3
6,2,154,53,22.3,19
6,2,154,53,22.3,22.8
6,2,154,53.1,22.4,15.2
6,2,154,62.2,26.2,22.4
6,2,154.2,60.3,25.4,26.7
6,2,154.5,53.4,22.4,29.7
6,2,154.7,60,25.1,29.9
6,2,155,52,21.6,21.9
6,2,155,56,23.3,25.4
6,2,155,57,23.7,18.5
6,2,155,58.2,24.2,27.9
6,2,155,60,25,26.6
6,2,155,62,25.8,21.3
6,2,155,64,26.6,22.9
6,2,155.3,51.3,21.3,27.8
6,2,155.5,55,22.7,30
6,2,155.5,57,23.6,21
6,2,155.9,58.2,23.9,31.3
6,2,156,57,23.4,21.8
6,2,156,58,23.8,23
6,2,156,58,23.8,24.8
6,2,156,65,26.7,22.9
6,2,156,70,28.8,25.4
6,2,156.1,62.9,25.8,27.6
6,2,156.1,65.2,26.8,28.2
6,2,156.8,61.4,25,28
6,2,156.9,59.3,24.1,28.9
6,2,157,52,21.1,20.5
6,2,157,52.8,21.4,17.3
6,2,157,55,22.3,20.5
6,2,157,64,26,27
6,2,157.1,52.7,21.4,30
6,2,157.1,60.3,24.4,25.6
6,2,157.2,65.8,26.6,32.5
6,2,157.3,62.3,25.2,28.2
6,2,157.5,63.2,25.5,30.6
6,2,157.6,55,22.1,16.5
6,2,157.6,59,23.8,29.4
6,2,157.9,70.3,28.2,35.2
6,2,158,48.8,19.5,17
6,2,158,54,21.6,19.6
6,2,158,56.3,22.6,21.8
6,2,158,60.9,24.4,21.5
6,2,158,65,26,24
6,2,158,69,27.6,24.4
6,2,158.1,57.3,22.9,20.7
6,2,158.2,54.2,21.7,32.3
6,2,158.2,58.3,23.3,26.7
6,2,158.4,52.5,20.9,20.2
6,2,158.4,64,25.5,28.3
6,2,158.5,67.6,26.9,29.6
6,2,158.5,70,27.9,21.7
6,2,158.7,61.9,24.6,31.7
6,2,159,49,19.4,28.5
6,2,159,52,20.6,26.3
6,2,159,56,22.2,25.4
6,2,159,58.4,23.1,23.7
6,2,159,61,24.1,20.4
6,2,159,64,25.3,20.5
6,2,159.1,58.7,23.2,27.1
6,2,159.3,54.6,21.5,26.2
6,2,159.5,58.3,22.9,35.3
6,2,159.7,52.6,20.6,24.7
6,2,160,40,15.6,12.8
6,2,160,54,21.1,29.5
6,2,160,56,21.9,19.8
6,2,160,57,22.3,34.7
6,2,160,61,23.8,27.6
6,2,160,65.1,25.4,29.2
6,2,160,68,26.6,27.6
6,2,160,68.8,26.9,18
6,2,160,70.3,27.5,23.6
6,2,160.3,54.9,21.4,31.3
6,2,160.4,51.9,20.2,30.6
6,2,160.4,59.1,23,29.2
6,2,160.7,62.5,24.2,20.1
6,2,161,54,20.8,21.9
6,2,161,56,21.6,23.7
6,2,161,56,21.6,25.2
6,2,161,57,22,27.3
6,2,161,62,23.9,21.9
6,2,161,64.2,24.8,23.5
6,2,161,67.5,26,43.8
6,2,161.1,51.6,19.9,17.5
6,2,161.4,54,20.7,19.1
6,2,161.4,57,21.9,23
6,2,161.5,55.1,21.1,18
6,2,161.5,58,22.2,18.9
6,2,161.6,60.9,23.3,23
6,2,162,54,20.6,20.1
6,2,162,56,21.3,19.8
6,2,162,58,22.1,18.4
6,2,162,59,22.5,23.9
6,2,162,64,24.4,21.2
6,2,162,64,24.4,38.3
6,2,162.2,60.2,22.9,24.6
6,2,162.3,54,20.5,30.5
6,2,162.5,56.3,21.3,18.7
6,2,162.6,60.5,22.9,21.2
6,2,163,52,19.6,20.1
6,2,163,56.3,21.2,22.8
6,2,163,58,21.8,29.6
6,2,163,59,22.2,24
6,2,163,62,23.3,29
6,2,163.6,54,20.2,19.4
6,2,163.8,84.7,31.6,34.4
6,2,164,59.4,22.1,22.4
6,2,164,59.8,22.2,18.4
6,2,164,64.8,24.1,30.5
6,2,164,65.4,24.3,23.3
6,2,164.1,65.6,24.4,23.5
6,2,164.3,60.2,22.3,23.5
6,2,164.7,67.4,24.8,30.7
6,2,165,61.8,22.7,25.2
6,2,165,63,23.1,31.9
6,2,165,70,25.7,28.9
6,2,165.3,70.8,25.9,28.6
6,2,165.7,72.1,26.3,27.7
6,2,166.1,54.7,19.8,27.7
6,2,166.4,58,20.9,18.2
6,2,166.5,57.8,20.8,28.2
6,2,166.5,61.1,22,18
6,2,167,57,20.4,28.2
6,2,167,59.6,21.4,24.6
6,2,168,54,19.1,28.5
6,2,168,63,22.3,20
6,2,168.5,61.3,21.6,19.1
6,2,169,67,23.5,34.7
6,2,170,64,22.1,19.5
6,2,170,65,22.5,25.2
6,2,172,55,18.6,20
6,2,172,62,21,27.2
6,2,175.6,64.7,21,25.5
7,1,150.6,54.2,23.9,25.9
7,1,155,60,25,15.6
7,1,155,60,25,16.7
7,1,156,58,23.8,14.3
7,1,156,60,24.7,14.5
7,1,158,48.4,19.4,14
7,1,158,48.4,19.4,18.2
7,1,158,60,24,17.4
7,1,158,60.4,24.2,14.5
7,1,158,62,24.8,15.5
7,1,158,64,25.6,13.8
7,1,158,64.6,25.9,18.3
7,1,158,66.4,26.6,22.3
7,1,158.4,61.5,24.5,32.6
7,1,158.8,64.7,25.7,18.5
7,1,158.9,74,29.3,22.9
7,1,159,59,23.3,18.5
7,1,160,59,23,12.5
7,1,160,60,23.4,11.2
7,1,160,60,23.4,12.8
7,1,160.5,71.4,27.7,24.4
7,1,160.8,80.4,31.1,26.1
7,1,161,70.2,27.1,14.3
7,1,161.4,72.8,27.9,20.8
7,1,161.7,72.6,27.8,22.1
7,1,162,47.1,17.9,12.1
7,1,162,66,25.1,21.1
7,1,162,68.9,26.3,20.9
7,1,162,92,35.1,24
7,1,162.5,63,23.9,22.6
7,1,162.5,78.4,29.7,30.6
7,1,162.8,69.3,26.1,15.9
7,1,163,63,23.7,25.8
7,1,163,64,24.1,18.7
7,1,163,73.4,27.6,14.7
7,1,163,75.6,28.5,22.1
7,1,163.3,70.6,26.5,17.9
7,1,163.4,78,29.2,29
7,1,163.5,62.5,23.4,13.5
7,1,163.5,67,25.1,17.4
7,1,163.5,67.4,25.2,17.6
7,1,163.5,69.8,26.1,18.8
7,1,163.9,63.9,23.8,22.8
7,1,164,67.7,25.2,12.4
7,1,164,68,25.3,19.8
7,1,164,68.3,25.4,17.9
7,1,164,70.1,26.1,20.9
7,1,164,72.4,26.9,15.3
7,1,164.1,59,21.9,22.3
7,1,164.2,68.4,25.4,20.6
7,1,164.4,72.8,26.9,29.3
7,1,164.5,67.9,25.1,19
7,1,164.5,68.1,25.2,19.3
7,1,164.5,71.1,26.3,12.1
7,1,165,54.4,20,8.7
7,1,165,55.8,20.5,20.9
7,1,165,65,23.9,23.8
7,1,165,65.9,24.2,21.1
7,1,165,67.5,24.8,13.6
7,1,165,77.6,28.5,20
7,1,165.1,63.2,23.2,17.8
7,1,165.2,69.7,25.5,16.5
7,1,165.2,76.4,28,28.9
7,1,165.3,64.7,23.7,18.2
7,1,165.5,78.9,28.8,17.5
7,1,165.6,59.3,21.6,19
7,1,165.9,61.3,22.3,10.9
7,1,166,57,20.7,11.6
7,1,166,62,22.5,16.3
7,1,166,65.2,23.7,27.7
7,1,166,69.5,25.2,21.3
7,1,166,71.2,25.8,13.3
7,1,166.1,58.7,21.3,13.2
7,1,166.1,68,24.6,20.3
7,1,166.1,69.2,25.1,14.3
7,1,166.2,74.2,26.9,16.4
7,1,166.4,86.7,31.3,29.2
7,1,166.6,73.2,26.4,20.8
7,1,166.9,52.4,18.8,16.1
7,1,167,67.8,24.3,17.8
7,1,167,68.5,24.6,20.2
7,1,167,68.7,24.6,25
7,1,167.2,71.6,25.6,19.7
7,1,167.3,75.5,27,17.6
7,1,167.4,57.8,20.6,14.7
7,1,167.4,70.3,25.1,16.4
7,1,167.4,72.2,25.8,23.2
7,1,167.5,71.7,25.6,25.9
7,1,167.8,69.6,24.7,20.2
7,1,168,62,22,18.7
7,1,168,62.6,22.2,13.4
7,1,168,62.8,22.3,14.1
7,1,168,62.9,22.3,20.2
7,1,168,65,23,24.2
7,1,168,67.8,24,19.5
7,1,168,68.5,24.3,19.8
7,1,168,70,24.8,18.2
7,1,168,71,25.2,22.3
7,1,168,71.7,25.4,18
7,1,168,75.2,26.6,14.8
7,1,168,78,27.6,14.5
7,1,168,78,27.6,29.7
7,1,168,78.4,27.8,26
7,1,168.2,59.3,21,31.8
7,1,168.2,68,24,12.7
7,1,168.3,63.1,22.3,17.8
7,1,168.3,71.1,25.1,22
7,1,168.5,61,21.5,17.1
7,1,168.5,61,21.5,20.8
7,1,168.5,68,24,15
7,1,168.5,75.2,26.5,20.2
7,1,169,53,18.6,11.1
7,1,169,60,21,11.9
7,1,169,68,23.8,19.9
7,1,169,69.5,24.3,21.3
7,1,169,70.3,24.6,19
7,1,169,70.5,24.7,12.8
7,1,169,74.5,26.1,12.5
7,1,169,77.5,27.1,19.2
7,1,169,78,27.3,17.8
7,1,169,81,28.4,24.5
7,1,169.5,65,22.6,15.5
7,1,169.6,66.9,23.3,26
7,1,169.6,80.7,28.1,24.5
7,1,169.6,89.7,31.2,19.4
7,1,169.7,66.3,23,13.9
7,1,170,62,21.5,19.7
7,1,170,69,23.9,22.1
7,1,170,69.5,24,19.8
7,1,170,70,24.2,11.5
7,1,170,71.6,24.8,15.7
7,1,170,75.1,26,19.1
7,1,170,75.4,26.1,12.6
7,1,170,93,32.2,22.5
7,1,170.1,70.5,24.4,22.3
7,1,170.1,72.5,25.1,21.1
7,1,170.3,84.8,29.2,24
7,1,170.4,63.6,21.9,17.9
7,1,170.4,88.1,30.3,26
7,1,170.5,72.9,25.1,15.6
7,1,170.6,78.2,26.9,21.3
7,1,171,56,19.2,10.1
7,1,171,63,21.5,17.4
7,1,171,65,22.2,23.9
7,1,171,76.5,26.2,20.1
7,1,171.1,75.6,25.8,15.7
7,1,171.3,71,24.2,24
7,1,171.3,85.4,29.1,20.1
7,1,171.4,70.4,24,21.1
7,1,171.4,70.9,24.1,25.1
7,1,171.5,76,25.8,16.2
7,1,171.5,84.1,28.6,25.3
7,1,171.7,68.5,23.2,13.2
7,1,171.8,70.9,24,18.2
7,1,171.8,72.9,24.7,15.6
7,1,172,61.4,20.8,17.5
7,1,172,63,21.3,30.3
7,1,172,65,22,20.5
7,1,172,68,23,20.6
7,1,172,69.5,23.5,16
7,1,172,73,24.7,13.7
7,1,172,76.8,26,15.8
7,1,172,78,26.4,18.2
7,1,172,78.9,26.7,17.4
7,1,172,90.1,30.5,29.9
7,1,172,90.4,30.6,25.4
7,1,172,92.3,31.2,26.2
7,1,172.1,78.5,26.5,20.5
7,1,172.3,81.5,27.5,26.2
7,1,172.5,75.1,25.2,25.1
7,1,172.5,75.4,25.3,13.8
7,1,172.6,76.4,25.6,27.5
7,1,172.7,57.4,19.2,9.3
7,1,172.8,70.7,23.7,20.7
7,1,172.8,71.5,23.9,23.9
7,1,172.8,73.6,24.6,18.2
7,1,173,66.8,22.3,22.7
7,1,173,69,23.1,17.1
7,1,173,70,23.4,15.3
7,1,173,80,26.7,28.7
7,1,173,83,27.7,25.8
7,1,173.1,69.5,23.2,13.9
7,1,173.2,70.3,23.4,15.7
7,1,173.3,68.7,22.9,12.3
7,1,173.3,70.5,23.5,15.4
7,1,173.4,78,25.9,23.3
7,1,173.4,80.4,26.7,25.1
7,1,173.4,81.7,27.2,16
7,1,173.5,68.9,22.9,9.9
7,1,173.8,68.5,22.7,24.6
7,1,174,70,23.1,16.3
7,1,174,70,23.1,16.6
7,1,174,71.9,23.7,25.5
7,1,174,75,24.8,18.4
7,1,174,81.4,26.9,18.1
7,1,174.2,81.1,26.7,17.9
7,1,174.2,85.6,28.2,28.9
7,1,174.2,86.6,28.5,20.9
7,1,174.6,83.1,27.3,23.1
7,1,175,72,23.5,16.4
7,1,175,75,24.5,15.5
7,1,175.1,78.1,25.5,24.9
7,1,175.2,63.5,20.7,17.4
7,1,175.2,76,24.8,23.2
7,1,175.3,65.2,21.2,25.1
7,1,175.5,83,26.9,23.3
7,1,175.6,68.7,22.3,30
7,1,175.7,77,24.9,19.8
7,1,175.8,76.4,24.7,22.2
7,1,175.8,80.1,25.9,21.6
7,1,176,76.4,24.7,22.4
7,1,176,79.8,25.8,28.5
7,1,176,80.7,26.1,22.5
7,1,176,82,26.5,19.6
7,1,176,84,27.1,15
7,1,176,84,27.1,27
7,1,176.1,63.2,20.4,14.1
7,1,176.5,77.1,24.7,24.5
7,1,176.5,81.9,26.3,19.7
7,1,176.5,85.2,27.3,20.1
7,1,177,89.3,28.5,31.4
7,1,177.4,80,25.4,22.8
7,1,177.5,78.6,24.9,17.3
7,1,177.6,85.3,27,27.9
7,1,177.7,73.7,23.3,14.9
7,1,178,63,19.9,11.7
7,1,178,63,19.9,15.4
7,1,178,70.9,22.4,24.5
7,1,178,72,22.7,29.1
7,1,178,80.5,25.4,23.2
7,1,178,82,25.9,21.9
7,1,178.1,71.5,22.5,15.5
7,1,178.2,71.5,22.5,16.7
7,1,178.4,71.9,22.6,23.8
7,1,179.5,75.3,23.4,21.5
7,1,179.8,74.1,22.9,17.8
7,1,180,73,22.5,9.6
7,1,180,78,24.1,16
7,1,180,86.4,26.7,22.2
7,1,180.4,76.4,23.5,21
7,1,180.9,82.4,25.2,23.9
7,1,181,94,28.7,25.3
7,1,182,92,27.8,22.9
7,1,182,92,27.8,22.9
7,1,183.9,84.5,25,18
7,1,184,80,23.6,20.7
7,2,145.9,52.7,24.8,26.6
7,2,146,50.4,23.6,22
7,2,147.2,55,25.4,29.8
7,2,147.5,49.7,22.8,24.7
7,2,147.6,54.8,25.2,25.8
7,2,148,46.8,21.4,20.9
7,2,148.4,51,23.2,31.6
7,2,149,56.5,25.4,26.5
7,2,149.2,54.5,24.5,28.7
7,2,149.5,51,22.8,23.2
7,2,149.5,51.3,23,21.5
7,2,149.9,46.1,20.5,22.8
7,2,150,47,20.9,27
7,2,150,52,23.1,22.5
7,2,150,54.2,24.1,34.5
7,2,151,46,20.2,13.8
7,2,151,54,23.7,35.6
7,2,151,55.3,24.3,19.2
7,2,151,62.4,27.4,23.6
7,2,151,68,29.8,21.2
7,2,151.2,51.6,22.6,23.3
7,2,151.5,54,23.5,21.8
7,2,152,49.6,21.5,16.3
7,2,152,56,24.2,18.9
7,2,152,56.9,24.6,19.8
7,2,152,61,26.4,25.6
7,2,152,68,29.4,26.7
7,2,152.1,53.8,23.3,26.7
7,2,152.2,59.9,25.9,37.5
7,2,152.4,57.7,24.8,29.2
7,2,153,50,21.4,27.4
7,2,153,50.9,21.7,27.7
7,2,153,55.2,23.6,23.3
7,2,153.1,53.4,22.8,27.4
7,2,153.2,45.5,19.4,16.7
7,2,153.2,54.7,23.3,22.8
7,2,153.3,52.4,22.3,21.9
7,2,153.5,50.5,21.4,18.8
7,2,153.6,50.7,21.5,27.6
7,2,153.6,51,21.6,22
7,2,153.7,50.1,21.2,24.7
7,2,153.9,42.7,18,32.5
7,2,153.9,61.4,25.9,30
7,2,154,48,20.2,24.4
7,2,154,49.3,20.8,15.6
7,2,154,51,21.5,22.4
7,2,154,52,21.9,21.5
7,2,154,62,26.1,25.6
7,2,154,62.1,26.2,28.2
7,2,154,65.1,27.4,19.2
7,2,154.1,52,21.9,15.6
7,2,154.5,48.3,20.2,25.6
7,2,154.5,54,22.6,25.2
7,2,154.6,51.1,21.4,27.9
7,2,154.6,52.8,22.1,26.3
7,2,154.7,68.9,28.8,35.9
7,2,154.8,57.1,23.8,30.8
7,2,155,42,17.5,15.3
7,2,155,48,20,16.3
7,2,155,51,21.2,25.8
7,2,155,53,22.1,21.5
7,2,155,56,23.3,19.6
7,2,155,56,23.3,21
7,2,155,57,23.7,22.5
7,2,155,58.2,24.2,25
7,2,155,60,25,26.3
7,2,155,60.5,25.2,25.4
7,2,155,67.4,28.1,20.8
7,2,155,83,34.5,40.9
7,2,155.4,68.2,28.2,34.9
7,2,155.6,59.5,24.6,37.6
7,2,155.6,80.4,33.2,35
7,2,155.7,61,25.2,26.9
7,2,155.8,57.9,23.9,24.5
7,2,156,45,18.5,19
7,2,156,49.4,20.3,25.5
7,2,156,50.9,20.9,15.8
7,2,156,54.1,22.2,27.8
7,2,156,60,24.7,25.5
7,2,156,60,24.7,29.5
7,2,156.5,54,22,29.9
7,2,156.6,54,22,26.1
7,2,156.6,58.8,24,30
7,2,156.8,68.7,27.9,34.1
7,2,157,45,18.3,16
7,2,157,59.6,24.2,26.3
7,2,157.2,58,23.5,35.8
7,2,157.2,67.5,27.3,38.3
7,2,157.3,69,27.9,27.6
7,2,157.4,57.5,23.2,31
7,2,157.8,60.9,24.5,35.8
7,2,158,57.9,23.2,31.5
7,2,158,58,23.2,18.4
7,2,158,62,24.8,37.9
7,2,158,63,25.2,27.4
7,2,158,65,26,25
7,2,158.6,54.5,21.7,27
7,2,158.6,64.5,25.6,39.9
7,2,158.7,68,27,40.1
7,2,158.9,55.2,21.9,21.6
7,2,159,55,21.8,30.3
7,2,159,57,22.5,22.3
7,2,159,58.3,23.1,28.8
7,2,159,63.7,25.2,30.4
7,2,159.1,67.8,26.8,32.3
7,2,159.2,65.1,25.7,26.8
7,2,159.6,65.4,25.7,20.1
7,2,159.7,53.4,20.9,30.8
7,2,160,51,19.9,19.1
7,2,160,51.5,20.1,17.6
7,2,160,54,21.1,15.9
7,2,160,54,21.1,27.4
7,2,160,54.1,21.1,21
7,2,160,58,22.7,23.9
7,2,160,61,23.8,26.2
7,2,160,64,25,28.1
7,2,160.3,54.2,21.1,32.2
7,2,160.5,63.2,24.5,25.3
7,2,160.6,61.2,23.7,28
7,2,160.9,61.3,23.7,33.4
7,2,161,51.9,20,21.6
7,2,161,55,21.2,20.7
7,2,161,61,23.5,22.8
7,2,161,64,24.7,25.2
7,2,161.3,49.7,19.1,19.6
7,2,161.3,55.8,21.4,26.1
7,2,161.6,51.5,19.7,22.3
7,2,161.6,57.4,22,24
7,2,161.9,61.6,23.5,28.7
7,2,162,53.5,20.4,17.5
7,2,162,55,21,18
7,2,162,56,21.3,13.7
7,2,162,56,21.3,21.6
7,2,162.2,55.1,20.9,26.9
7,2,162.2,70,26.6,28.3
7,2,162.4,59.5,22.6,16.3
7,2,162.4,64,24.3,20.9
7,2,162.5,58.5,22.2,29.6
7,2,162.8,86.6,32.7,32.4
7,2,163,56,21.1,23.2
7,2,163,58,21.8,18
7,2,163,58.4,22,23.6
7,2,163,62,23.3,24.6
7,2,163,71.7,27,24
7,2,163.1,62,23.3,34.1
7,2,163.7,68,25.4,22.7
7,2,164,57,21.2,23.5
7,2,164,62,23.1,27.4
7,2,164,69.9,26,21
7,2,164.4,61,22.6,26.7
7,2,164.5,70,25.9,28.7
7,2,164.5,75,27.7,34.7
7,2,164.7,59.4,21.9,24.4
7,2,164.7,71,26.2,36.6
7,2,164.8,59.7,22,34.2
7,2,165,54,19.8,22.7
7,2,165,65,23.9,25.6
7,2,165.2,65,23.8,30.3
7,2,165.3,62.5,22.9,26.3
7,2,165.6,62.5,22.8,26.4
7,2,166.1,53,19.2,34.7
7,2,166.3,58.1,21,28.7
7,2,166.3,71.8,26,31.3
7,2,166.5,62.4,22.5,36.3
7,2,166.7,57.2,20.6,26.4
7,2,167,59,21.2,28
7,2,167.2,64.3,23,25
7,2,168.5,68.9,24.3,34.1
7,2,172.5,67,22.5,24.3
8,1,156.8,58,23.6,17.9
8,1,157.4,56,22.6,21.3
8,1,157.5,58.8,23.7,13
8,1,157.6,58,23.4,13.9
8,1,158,61.9,24.8,20.2
8,1,158.1,63.3,25.3,29
8,1,158.3,64.2,25.6,22.8
8,1,158.7,54.5,21.6,12.1
8,1,158.9,65,25.7,19.8
8,1,159,57.6,22.8,17.2
8,1,159,64,25.3,23.4
8,1,159.1,61.6,24.3,16.7
8,1,159.2,64.8,25.6,19.5
8,1,159.8,58.6,22.9,13.8
8,1,160.8,62.6,24.2,26.5
8,1,161.6,54,20.7,12.7
8,1,161.6,70,26.8,25.1
8,1,161.6,71.1,27.2,18.7
8,1,161.8,56.9,21.7,20.4
8,1,162,54,20.6,11.1
8,1,162,60,22.9,15.7
8,1,162.5,62.6,23.7,21.2
8,1,162.8,66.1,24.9,30
8,1,162.9,42.2,15.9,11.3
8,1,163,51,19.2,13.9
8,1,163,58,21.8,20.8
8,1,163,62.5,23.5,21.6
8,1,163,66.2,24.9,20.5
8,1,163,69.4,26.1,16.8
8,1,163.5,60.3,22.6,24.1
8,1,163.5,68.8,25.7,15.5
8,1,164,60,22.3,16.4
8,1,164,60,22.3,18.5
8,1,164,63.2,23.5,14.3
8,1,164,63.4,23.6,14.4
8,1,164,67.2,25,20
8,1,164,68.1,25.3,14.5
8,1,164.5,69,25.5,17.1
8,1,164.6,76,28.1,21.6
8,1,165,58,21.3,14.7
8,1,165,70,25.7,16.5
8,1,165,81,29.8,18.5
8,1,165.1,62.5,22.9,20.9
8,1,165.2,65.8,24.1,25.3
8,1,165.2,68.3,25,24.1
8,1,165.4,71.2,26,16.7
8,1,165.5,63.7,23.3,17
8,1,165.5,67.1,24.5,16.4
8,1,165.5,77,28.1,19.4
8,1,165.6,63.1,23,18.8
8,1,165.6,74,27,23.7
8,1,166,64,23.2,15.6
8,1,166,67,24.3,23
8,1,166,67.7,24.6,11.1
8,1,166,68.4,24.8,20.6
8,1,166.1,72.7,26.4,20.1
8,1,166.3,66,23.9,23.2
8,1,166.5,67,24.2,16.7
8,1,166.5,70.1,25.3,16.4
8,1,166.8,63.4,22.8,12.1
8,1,166.8,65.5,23.5,15.6
8,1,167,68.2,24.5,19.5
8,1,167,72.2,25.9,21.9
8,1,167,73,26.2,19.1
8,1,167,74.1,26.6,23
8,1,167,74.6,26.7,22.7
8,1,167,78,28,23.9
8,1,167,80.8,29,17.3
8,1,167.2,70.1,25.1,24.9
8,1,167.5,65.2,23.2,11.8
8,1,167.5,65.9,23.5,19
8,1,167.5,73.2,26.1,26.5
8,1,167.6,65.4,23.3,14.2
8,1,167.6,77,27.4,19.4
8,1,167.6,85.1,30.3,21.5
8,1,168,56.5,20,9.3
8,1,168,60,21.3,24.1
8,1,168,64.5,22.9,15.7
8,1,168,65,23,12.4
8,1,168,66,23.4,13.2
8,1,168,66,23.4,16
8,1,168,67.4,23.9,17.3
8,1,168,69.5,24.6,19.8
8,1,168,70.4,24.9,20.6
8,1,168,71,25.2,22.5
8,1,168,73.4,26,22.7
8,1,168,74,26.2,22.6
8,1,168,75,26.6,21.7
8,1,168.3,61.9,21.9,19.9
8,1,168.3,66.8,23.6,21.7
8,1,168.7,64.7,22.7,20.2
8,1,168.7,75.1,26.4,23.1
8,1,168.7,83.2,29.2,19.2
8,1,169,65,22.8,16.7
8,1,169,68,23.8,22.8
8,1,169,68.4,23.9,17.4
8,1,169,80,28,25.7
8,1,169.1,73.8,25.8,27.2
8,1,169.2,67.9,23.7,24.1
8,1,169.3,68.4,23.9,23.9
8,1,169.3,79.4,27.7,19
8,1,169.5,75.4,26.2,25.4
8,1,169.7,66.5,23.1,23
8,1,169.8,73.8,25.6,19
8,1,169.8,80.8,28,18.9
8,1,170,60,20.8,19.8
8,1,170,65,22.5,16.3
8,1,170,65,22.5,17.8
8,1,170,66,22.8,14.8
8,1,170,68.7,23.8,18.6
8,1,170,70.7,24.5,21.4
8,1,170,77,26.6,24.5
8,1,170,78,27,25.3
8,1,170,80,27.7,24.6
8,1,170.1,72.7,25.1,24.9
8,1,170.4,72.9,25.1,24.1
8,1,170.4,74,25.5,17.8
8,1,170.4,86.9,29.9,20.2
8,1,170.5,65.4,22.5,13.3
8,1,170.5,69.6,23.9,22.1
8,1,170.5,70,24.1,18.7
8,1,170.5,77,26.5,19.5
8,1,170.5,79.4,27.3,15
8,1,170.6,72.5,24.9,21.3
8,1,170.8,71,24.3,23
8,1,170.8,71.5,24.5,19.2
8,1,170.9,68.3,23.4,25.8
8,1,171,74,25.3,16.7
8,1,171,86.6,29.6,29.1
8,1,171,87.5,29.9,32
8,1,171.2,79.6,27.2,23.7
8,1,171.4,66.3,22.6,13.4
8,1,171.4,73.8,25.1,20.6
8,1,171.5,67.1,22.8,18.3
8,1,171.5,69,23.5,25.9
8,1,171.5,74.3,25.3,27.4
8,1,171.5,86.2,29.3,24.4
8,1,171.6,67.9,23.1,20.1
8,1,171.6,73.1,24.8,25.2
8,1,171.7,66,22.4,24
8,1,171.7,75.4,25.6,19.3
8,1,171.7,82.2,27.9,16.8
8,1,172,64,21.6,19.7
8,1,172,74,25,23.6
8,1,172,75.8,25.6,15.2
8,1,172,80,27,15.1
8,1,172.2,60.7,20.5,12
8,1,172.4,66.2,22.3,12.2
8,1,172.5,70.8,23.8,19.4
8,1,172.5,72.6,24.4,27.3
8,1,172.5,80.1,26.9,17.9
8,1,172.5,80.6,27.1,19.4
8,1,172.6,70.1,23.5,23
8,1,173,65.3,21.8,12.4
8,1,173,73.3,24.5,25.1
8,1,173,77.9,26,19.5
8,1,173.1,74.4,24.8,24
8,1,173.4,64.8,21.6,11.4
8,1,173.5,65,21.6,15.8
8,1,173.6,94.6,31.4,21
8,1,173.8,74.7,24.7,21.7
8,1,174,65.2,21.5,11.9
8,1,174,66,21.8,16
8,1,174,76,25.1,19.9
8,1,174,88,29.1,24.5
8,1,174.2,66.4,21.9,11.3
8,1,174.2,81.3,26.8,22.4
8,1,174.5,70.2,23.1,20.7
8,1,174.8,80.4,26.3,20.1
8,1,174.9,75.3,24.6,17.3
8,1,175,65,21.2,19.3
8,1,175,65.7,21.5,19.9
8,1,175,74,24.2,17
8,1,175.4,72.6,23.6,17.8
8,1,175.5,78.6,25.5,31
8,1,175.6,70.2,22.8,20
8,1,175.9,57.5,18.6,12.1
8,1,176,64.5,20.8,14.6
8,1,176,72,23.2,16.5
8,1,176.5,68.1,21.9,11.2
8,1,176.7,70.4,22.5,18.4
8,1,176.7,71.7,23,22.4
8,1,178.1,76.3,24.1,13.3
8,1,178.1,80.1,25.3,21.2
8,1,178.4,72,22.6,17.5
8,1,178.5,81,25.4,19.5
8,1,178.9,63.1,19.7,16
8,1,179,81,25.3,28.1
8,1,180,94,29,13.1
8,1,180.4,80,24.6,17.4
8,1,180.5,76.8,23.6,21.9
8,1,181.5,87,26.4,33.9
8,1,182,75,22.6,17.1
8,1,183.7,79.7,23.6,16.7
8,2,140,43.3,22.1,15.7
8,2,145,52.7,25.1,20.8
8,2,145.8,58.6,27.6,40.8
8,2,148,57.4,26.2,32.2
8,2,148.3,52.5,23.9,26.9
8,2,148.4,59,26.8,40.5
8,2,149.2,54.3,24.4,30.5
8,2,150,45,20,24.8
8,2,150,47.1,20.9,22.4
8,2,150,54.7,24.3,22.6
8,2,150,57,25.3,24.4
8,2,150,61,27.1,26.5
8,2,150.5,50.1,22.1,17.6
8,2,150.5,55.6,24.5,25.1
8,2,150.6,49.7,21.9,26.5
8,2,150.8,70.3,30.9,37.6
8,2,151,43,18.9,23.7
8,2,151,59.4,26.1,24.7
8,2,151.3,53.1,23.2,31.6
8,2,151.5,52.5,22.9,19.1
8,2,151.6,46.3,20.1,22.5
8,2,151.7,55,23.9,24.3
8,2,151.9,57,24.7,27.5
8,2,152,49.1,21.3,26.1
8,2,152,51.3,22.2,23.3
8,2,152,60,26,19.8
8,2,152,62,26.8,29.6
8,2,152.5,50,21.5,17.4
8,2,152.5,52.4,22.5,33
8,2,152.5,57.2,24.6,21.2
8,2,152.6,46.9,20.1,22.2
8,2,152.6,52,22.3,31.7
8,2,153,53,22.6,24.5
8,2,153,54.4,23.2,18.7
8,2,153,54.6,23.3,24.7
8,2,153,56,23.9,24.6
8,2,153,63.2,27,23.3
8,2,153,64,27.3,26.6
8,2,153.1,55.1,23.5,35.2
8,2,153.3,52.2,22.2,28.8
8,2,153.4,68.2,29,36.1
8,2,153.5,74,31.4,30.3
8,2,153.6,60.2,25.5,38
8,2,154,47.9,20.2,23.4
8,2,154,51,21.5,23.2
8,2,154,52,21.9,17.3
8,2,154,53,22.3,21.5
8,2,154,54.5,23,22.4
8,2,154.3,54,22.7,24.1
8,2,154.4,53.8,22.6,23.9
8,2,154.5,56.6,23.7,29.5
8,2,154.6,55.4,23.2,27.9
8,2,154.6,64.2,26.9,24.9
8,2,154.7,56.9,23.8,28.4
8,2,154.7,57.8,24.2,30.9
8,2,155,55,22.9,26.2
8,2,155,64,26.6,23.8
8,2,155,67.8,28.2,31.4
8,2,155.1,51.7,21.5,28.3
8,2,155.1,55.1,22.9,24.1
8,2,155.2,55.6,23.1,33
8,2,155.2,59.4,24.7,28.7
8,2,155.3,58.9,24.4,28.2
8,2,155.5,55,22.7,24.8
8,2,155.5,65,26.9,22.6
8,2,155.5,70,28.9,22.5
8,2,155.6,57.5,23.7,27.7
8,2,156,50,20.5,19.5
8,2,156,52,21.4,29.4
8,2,156,54.7,22.5,25.6
8,2,156,60,24.7,20.6
8,2,156,87,35.7,26.5
8,2,156.2,46.3,19,29.6
8,2,156.4,57.1,23.3,31.6
8,2,156.5,60.6,24.7,40.4
8,2,156.7,68,27.7,39.2
8,2,156.8,54.5,22.2,26.6
8,2,157,50.3,20.4,30.2
8,2,157,53.5,21.7,18.1
8,2,157,57,23.1,19.6
8,2,157,60,24.3,32.2
8,2,157,75.4,30.6,20.9
8,2,157.2,60,24.3,21.8
8,2,157.3,56,22.6,26.1
8,2,157.6,56.6,22.8,32
8,2,157.6,57,22.9,19.6
8,2,157.7,47.5,19.1,23.7
8,2,157.9,68,27.3,44.2
8,2,158,51.9,20.8,30.7
8,2,158,56,22.4,15.3
8,2,158,56.9,22.8,32.1
8,2,158,59,23.6,19.7
8,2,158,59.7,23.9,23.9
8,2,158,62,24.8,24.3
8,2,158,64.5,25.8,21.5
8,2,158,69.4,27.8,28.3
8,2,158.1,46.7,18.7,20.4
8,2,158.2,49.5,19.8,12.7
8,2,158.2,57.6,23,24.5
8,2,158.3,56.5,22.5,19.9
8,2,158.4,59.3,23.6,29.6
8,2,158.4,74.6,29.7,42
8,2,158.5,54,21.5,19.7
8,2,158.5,55.1,21.9,25.3
8,2,158.5,72.8,29,27.4
8,2,158.7,62.9,25,27.6
8,2,158.7,68.3,27.1,42.3
8,2,158.8,63.7,25.3,33.9
8,2,159,60,23.7,29.1
8,2,159.4,61.1,24,23.5
8,2,159.5,68.7,27,27.9
8,2,159.6,64.1,25.2,24.7
8,2,159.6,66.5,26.1,35
8,2,159.8,61,23.9,27.5
8,2,160,52,20.3,25.3
8,2,160,57,22.3,28.1
8,2,160,61,23.8,20.5
8,2,160,62,24.2,21.2
8,2,160,63,24.6,18.8
8,2,160.2,67.3,26.2,29.1
8,2,160.5,86.2,33.5,40.8
8,2,160.6,61.4,23.8,26.5
8,2,160.7,53.4,20.7,21.1
8,2,160.9,66.7,25.8,33.2
8,2,161,53,20.4,24.8
8,2,161,54,20.8,21.1
8,2,161,73.7,28.4,40.8
8,2,161.1,66.8,25.7,28.6
8,2,161.5,72.4,27.8,38.7
8,2,161.6,53.1,20.3,26.5
8,2,161.6,63.9,24.5,36.1
8,2,162,46,17.5,17.4
8,2,162,54.7,20.8,21.2
8,2,162,56,21.3,24.2
8,2,162,63,24,25.5
8,2,162.1,61.3,23.3,34.2
8,2,162.2,59.2,22.5,30.3
8,2,162.4,63.1,23.9,23.1
8,2,162.5,63.5,24,27.2
8,2,163,55,20.7,22.1
8,2,163,67,25.2,36.7
8,2,163,69,26,35.1
8,2,163,78,29.4,24.8
8,2,163.1,74.2,27.9,41.9
8,2,163.1,93.8,35.3,40.5
8,2,163.3,61.3,23,25.3
8,2,163.3,66.4,24.9,27.3
8,2,163.8,56.8,21.2,22.6
8,2,163.8,63.6,23.7,29.6
8,2,164,45,16.7,17.8
8,2,164,51,19,19.2
8,2,164,54,20.1,33
8,2,164,59.5,22.1,19.1
8,2,164.1,66.8,24.8,30
8,2,164.3,54.7,20.3,22.2
8,2,165,78,28.7,33.5
8,2,166,63.9,23.2,21.3
8,2,167.5,60.3,21.5,26
8,2,169.5,72.6,25.3,30.5
8,2,171,64.2,22,27.9
9,1,149.6,54,24.1,16
9,1,151.5,56.5,24.6,30
9,1,155,64,26.6,18.2
9,1,156,55,22.6,15.8
9,1,156.5,58.6,23.9,18
9,1,157,52,21.1,15.8
9,1,157,55,22.3,15
9,1,157,58,23.5,16.1
9,1,157,63.6,25.8,19.4
9,1,159.2,69.7,27.5,24.7
9,1,160,56.7,22.1,17.2
9,1,160,57,22.3,17.5
9,1,160,57.4,22.4,17.3
9,1,160,64.2,25.1,17.7
9,1,160,65,25.4,16.9
9,1,160,65,25.4,17.4
9,1,160,70,27.3,33.7
9,1,160.5,64.5,25,18.5
9,1,161,58.8,22.7,17.9
9,1,161.5,59,22.6,14.1
9,1,162,57,21.7,17.5
9,1,162,58,22.1,27
9,1,162,59.2,22.6,18.5
9,1,162,66.5,25.3,16.7
9,1,162.4,70.4,26.7,19.2
9,1,162.6,64,24.2,18.9
9,1,163,59.6,22.4,32.3
9,1,163,60,22.6,17.1
9,1,163,72,27.1,25.9
9,1,164,59,21.9,16.1
9,1,164,65,24.2,16.7
9,1,164,68.1,25.3,18.6
9,1,164,70.1,26.1,16.9
9,1,164,74,27.5,31
9,1,164.3,70.5,26.1,14.6
9,1,164.4,62.7,23.2,21.4
9,1,164.5,59.5,22,16.8
9,1,164.5,67,24.8,17.8
9,1,164.6,54.8,20.2,16
9,1,165,60.6,22.3,18.4
9,1,165,72.4,26.6,16.8
9,1,165,74.2,27.3,18.2
9,1,165,76.8,28.2,25.3
9,1,165.2,71,26,24
9,1,165.2,78.2,28.7,20.1
9,1,165.7,81.5,29.7,21.6
9,1,165.8,60.8,22.1,28
9,1,166,60.3,21.9,22.9
9,1,166,71.6,26,16.7
9,1,166.2,70,25.3,19.2
9,1,166.3,70.9,25.6,22.2
9,1,166.3,76.9,27.8,20.8
9,1,167,67,24,27.4
9,1,167.1,65,23.3,24.4
9,1,167.6,71.7,25.5,24.3
9,1,167.7,70.3,25,22.3
9,1,168,52,18.4,14.6
9,1,168,61.6,21.8,28.2
9,1,168,66,23.4,22.1
9,1,168,74.2,26.3,17.6
9,1,168,90,31.9,32.5
9,1,168.3,77.7,27.4,22.7
9,1,168.5,72.1,25.4,26.4
9,1,168.8,64.1,22.5,16.3
9,1,168.8,73,25.6,26.1
9,1,168.9,74.3,26,18.7
9,1,169,65,22.8,15.4
9,1,169.5,74.9,26.1,19.4
9,1,169.6,73.5,25.6,22.3
9,1,170,65.4,22.6,14.6
9,1,170,66,22.8,14.6
9,1,170,66,22.8,14.7
9,1,170,67.2,23.3,13.5
9,1,170,76.8,26.6,19.7
9,1,170,78,27,19.9
9,1,170.1,75.4,26.1,23.1
9,1,170.2,70.4,24.3,15.8
9,1,170.3,64.6,22.3,21.4
9,1,170.5,72,24.8,22.9
9,1,170.5,77,26.5,23.1
9,1,170.6,60.6,20.8,23.7
9,1,171,70.5,24.1,23.4
9,1,171,73.5,25.1,19
9,1,171,78,26.7,25.6
9,1,171.4,71.7,24.4,21.7
9,1,171.6,75.4,25.6,22.9
9,1,172,62.8,21.2,18.3
9,1,172,64,21.6,27.5
9,1,172,68,23,16.1
9,1,172,78,26.4,24.9
9,1,172.5,74,24.9,23.3
9,1,173,58,19.4,16.7
9,1,173,85,28.4,22.3
9,1,173.4,70.5,23.4,24.8
9,1,173.8,77,25.5,21.1
9,1,174.7,73,23.9,16.4
9,1,175,70,22.9,17.4
9,1,175.7,81.2,26.3,20.1
9,1,176.8,87.5,28,30.7
9,1,177,84.8,27.1,20.4
9,1,177.5,77.5,24.6,29.7
9,1,177.8,82.7,26.2,16.9
9,1,177.8,88.8,28.1,36.5
9,1,177.9,84.7,26.8,21.4
9,1,178.5,71.5,22.4,16.2
9,1,179.1,70.7,22,14.1
9,1,180,75,23.1,16.2
9,2,134,41,22.8,20.3
9,2,143,54.6,26.7,30.8
9,2,145,48.5,23.1,21.6
9,2,147,62,28.7,27
9,2,149,56,25.2,25.4
9,2,149.2,45.8,20.6,21.7
9,2,149.4,66.1,29.6,32
9,2,149.4,66.1,29.6,32
9,2,149.5,51.6,23.1,25.9
9,2,149.5,58.1,26,27.3
9,2,149.6,53.3,23.8,28.4
9,2,149.8,54.6,24.3,29.4
9,2,150,44,19.6,21.6
9,2,150.4,72.4,32,31.9
9,2,150.5,48.5,21.4,17.7
9,2,150.7,49.2,21.7,33.3
9,2,151,48.5,21.3,22.8
9,2,151,53.8,23.6,34.9
9,2,151.7,53.4,23.2,21.7
9,2,152,47,20.3,26.8
9,2,152,53.2,23,26.8
9,2,152.1,66.7,28.8,28.4
9,2,152.4,57.8,24.9,35.8
9,2,152.5,57.5,24.7,28.5
9,2,152.6,75.8,32.6,38.8
9,2,152.8,58.2,24.9,27.8
9,2,153,54.9,23.5,20.7
9,2,153,61,26.1,21.2
9,2,153,62.8,26.8,21.7
9,2,153.1,56,23.9,29.1
9,2,153.2,62,26.4,24
9,2,153.5,69.8,29.6,23.7
9,2,154,53,22.3,16.5
9,2,154,58,24.5,27
9,2,154,60,25.3,34.4
9,2,154,61.1,25.8,21.3
9,2,154.2,71.6,30.1,40
9,2,154.5,46.8,19.6,22.8
9,2,154.5,51.4,21.5,24.1
9,2,155,44.8,18.6,18.5
9,2,155.1,59.4,24.7,31.1
9,2,155.1,64.3,26.7,29.5
9,2,155.3,55.3,22.9,30.9
9,2,155.3,66.4,27.5,25.5
9,2,155.5,53.3,22,34.1
9,2,156,48.7,20,29.6
9,2,156,58.3,24,25.5
9,2,156,73,30,43.4
9,2,156.4,51.4,21,23.7
9,2,156.4,68,27.8,32.3
9,2,156.5,54,22,19.4
9,2,156.5,57.4,23.4,24.4
9,2,156.5,61,24.9,22.8
9,2,156.7,61.2,24.9,26.8
9,2,156.7,62,25.2,26.6
9,2,157.1,56.1,22.7,25.3
9,2,157.5,74.1,29.9,25.7
9,2,157.6,61.5,24.8,24.9
9,2,157.7,50.1,20.1,16.8
9,2,158,56,22.4,20.4
9,2,158,61,24.4,19.3
9,2,158,63.8,25.6,26.3
9,2,158.1,53.5,21.4,29.4
9,2,158.1,54.9,22,24
9,2,158.1,63.7,25.5,33.4
9,2,158.1,65,26,24
9,2,158.3,65,25.9,22.2
9,2,158.5,54.5,21.7,23.1
9,2,158.6,58.4,23.2,31.8
9,2,159,58,22.9,17
9,2,159,66,26.1,20.9
9,2,159,72,28.5,28
9,2,159,75,29.7,26.5
9,2,159.1,53.7,21.2,33.1
9,2,159.1,55.2,21.8,36.4
9,2,159.1,56.6,22.4,27.9
9,2,159.2,56.8,22.4,34.8
9,2,159.7,62.2,24.4,37.2
9,2,160,57,22.3,22.4
9,2,160.1,56.8,22.2,24.2
9,2,160.5,75.5,29.3,31
9,2,161.3,58.6,22.5,30.3
9,2,161.7,64.3,24.6,30.1
9,2,162,57,21.7,29.7
9,2,162,64,24.4,27
9,2,163.5,56.6,21.2,20.8
9,2,164.4,68.1,25.2,35.8
9,2,164.6,61.7,22.8,26.6
9,2,167,66,23.7,28.1
